index,published,topic,term,domain,language,valid,de,title,description,en,la,url,image,archive,content,quote,added,feed,country,ipcc,continent
a0215770f9287dce96f1ea77714b3546,2025-12-02T11:54:39Z,Fog,туман Подмосковье,tass.ru,ru,0.8,In der Region Moskau bleibt der Nebel mancherorts bis zum Mittag des 3. Dezember bestehen. Die Thermometer zeigen in Moskau minus 2 bis null Grad und in der Region Moskau minus 3 bis plus 2 Grad,В Московском регионе туман сохранится местами до полудня 3 декабря,Столбики термометров покажут от минус 2 до нуля градусов в Москве и от минус 3 до плюс 2 градусов - в Подмосковье,"In the Moscow region, fog will persist in some places until noon on December 3. Thermometers will show from minus 2 to zero degrees in Moscow and from minus 3 to plus 2 degrees in the Moscow region","In regione Moscuensi, nebula in aliquibus locis perseverabit usque ad meridiem ante kalendas Decembris 3. Thermometri demonstrabunt a minus 2 ad nullas gradus Moscuae et a minus 3 ad plus 2 gradus in regione Moscuensi.",https://tass.ru/obschestvo/25792547,https://cdn-storage-media.tass.ru/thumb/ru/obschestvo/25792547?u=2025-12-02T11:54:39.757576,,"2 3 2 - 
, 2 . //. , , , . .
"" 200 , 3 , "", - . , , , 18:00 .
 , , 2 3 2 - . 2 3 - .
 , 5 . "" , , "", - . , , , .",,2025-12-15 09:04:31+00:00,wmo,Russia,ESB,Europe
4a98389f93ee54633b2edd4f883043a9,2025-12-07T22:37:24Z,Earthquake,землетрясение в России,tass.ru,ru,0.8,"Vor der Küste der Kurilen ereignete sich ein gefühltes Erdbeben der Stärke 5,2. Ereignisse in Russland und der Welt. Analytische Veröffentlichungen. Materialien von Pressekonferenzen. Video- und Fotoberichte","Ощущаемое землетрясение магнитудой 5,2 произошло у побережья Курил",События в России и мире. Аналитические публикации. Материалы пресс-конференций. Видео- и фоторепортажи,A felt earthquake of magnitude 5.2 occurred off the coast of the Kuril Islands. Events in Russia and the world. Analytical publications. Materials of press conferences. Video and photo reports,Motus motus magnitudinum sensit 5.2 inter oram insularum Kuril occurrit. Gesta in Russia et mundo. Editiones analyticae. Materiae collationum diurnariae. Video et photo tradit,https://tass.ru/proisshestviya/25840689,https://cdn-storage-media.tass.ru/thumb/ru/proisshestviya/25840689?u=2025-12-07T22:37:24.087795,,", 8 . //. 5,2 . , ""-"".
"": 5,2. &lt;&gt; 4 "", - .
 76 - -, 63 .",,2025-12-16 20:57:27+00:00,usgs,Russia,RFE,Europe
5621e848368ecfdd9eee36ac52324aa5,2025-12-12T20:06:30Z,Earthquake,землетрясение в России,tass.ru,ru,0.8,"Auf den Kurilen ereignete sich ein Erdbeben der Stärke 5,8. Ereignisse in Russland und der Welt. Analytische Veröffentlichungen. Materialien von Pressekonferenzen. Video- und Fotoberichte","На Курилах произошло землетрясение магнитудой 5,8",События в России и мире. Аналитические публикации. Материалы пресс-конференций. Видео- и фоторепортажи,An earthquake of magnitude 5.8 occurred in the Kuril Islands. Events in Russia and the world. Analytical publications. Materials of press conferences. Video and photo reports,Motus magnitudinis 5.8 in insulis Kuril occurrit. Gesta in Russia et mundo. Editiones analyticae. Materiae collationum diurnariae. Video et photo tradit,https://tass.ru/proisshestviya/25900515,https://cdn-storage-media.tass.ru/thumb/ru/proisshestviya/25900515?u=2025-12-12T20:06:30.019909,,"-, 12 . //. 5,8 73 -. .
"" 05:43 13.12.2025 . 73 . - 5,8. "", - .",,2025-12-16 20:57:27+00:00,usgs,Russia,RFE,Europe
3c29b5ad07ee5f5147c8bcdd4b1b2482,2025-12-03T04:04:51Z,Snow&Ice,снег России,tass.ru,ru,0.8,"Regen, Schnee und Schneestürme werden den Nordwesten Russlands bedecken. In fast allen Regionen wird es Niederschläge geben, sagen Prognostiker","Дожди, снег и метель накроют Северо-Запад России","Осадки пройдут практически во всех регионах, отмечают синоптики","Rain, snow and blizzards will cover the North-West of Russia. Precipitation will occur in almost all regions, forecasters say","Imbres, nives et blizzardi Russiae septentrionem-occidentalem operient. Praecipitatio in omnibus fere regionibus, forecasters dicant",https://tass.ru/obschestvo/25799331,https://cdn-storage-media.tass.ru/thumb/ru/obschestvo/25799331?u=2025-12-03T04:04:51.223971,,", 
, 3 . //. - , 3 . , () , .
 , . - , , , - . , -, 5-10 /, 14 /. 2 3 , 8 ; 1 4 . . , , . , 6-11 /, 18 /. 0 5, 10 .
 , 3 . , , , - . , -, 6-11 /, 14 /. 3 2, 7 .
 , 4 1 , 10 . , 2, 3 , , . 10 , 13… [+125 chars]",,2025-12-19 20:55:48+00:00,wmo,Russia,ESB,Europe
bd55d7552c6cab283ca1785430e7a561,2025-12-04T04:14:48Z,Snow&Ice,снег России,tass.ru,ru,0.8,"In den Regionen Nordwestrusslands werden Regen, Schnee und Eis erwartet. In einigen Gebieten ist es möglich, dass es eisig wird","В регионах Северо-Запада России ожидаются дождь, снег и гололедица",В некоторых областях возможна гололедица,"Rain, snow and ice are expected in the regions of North-West Russia. Icy conditions possible in some areas","Imbres, nix et glacies in regionibus Russiae septentrionali-occidentalis expectantur. Glacialis conditionibus potest in quibusdam locis",https://tass.ru/obschestvo/25811127,https://cdn-storage-media.tass.ru/thumb/ru/obschestvo/25811127?u=2025-12-04T04:14:48.390990,,", 4 . //. - . , .
 9 , - 1 4 . . - . , - . . 2 3 .
, , - . . 3-8 / , 13 /. 2 3.
 , . . . 3-8 /, 13 /, 17 /. 4-9 , 14-19.
 - , , 14 /. 3-8 , - 15, - 4 1. , 2 3, .
 , , . . 1 4 . , . 4 1, 2 3 .
 … [+33 chars]",,2025-12-19 20:55:48+00:00,wmo,Russia,ESB,Europe
fa29f7fc7d952f67f50cb2391f498b0e,2025-12-07T05:12:51Z,Snow&Ice,снег России,life.ru,ru,0.8,"Nächste Woche wird 92 % von Russland mit Schnee bedeckt sein. Die Schneedecke in Russland wird fast ihr absolutes Maximum erreichen – bis Mitte nächster Woche wird der Schnee bereits 92 % des Landes bedecken. Darüber sprach Roman Vilfand, wissenschaftlicher Leiter des Hydrometeorologischen Zentrums.",Снег покроет 92% России на следующей неделе,Снежный покров в России расширится почти до абсолютного максимума — к середине следующей недели снег будет лежать уже на 92% территории страны. Об этом рассказал научный руководитель Гидрометцентра Роман Вильфанд.,"Snow will cover 92% of Russia next week. Snow cover in Russia will expand to almost its absolute maximum - by the middle of next week, snow will already cover 92% of the country. Roman Vilfand, scientific director of the Hydrometeorological Center, spoke about this.","Nix 92% Russiae altera septimana operiet. Nix operculum in Russia expandet ad maximum fere absolutum - media septimana proxima, nix iam 92% regionis operiet. Romanus Vilfand, director scientificus Centri Hydrometeorologici, de hoc locutus est.",https://life.ru/p/1817671,https://static.life.ru/ip/unsafe/rs:fit:1200:/q:98/sh:0.5/czM6Ly9saWZlLXN0YXRpYy9wdWJsaWNhdGlvbnMvMjAyNS8xMi83LzQ1MjI5MzY3NTcxLjE3MjYxNS5qcGVn.webp,,"92% . .
 , : 9, 7 . , , , 2% 90%.
« , », CC.
 Life.ru , . . , -3+2, -2+3.
 « » Life.",,2025-12-19 20:55:48+00:00,wmo,Russia,ESB,Europe
07fbe82f86641142585562b3c6d78917,2025-12-08T13:39:30Z,Snow&Ice,снег России,life.ru,ru,0.8,"Moskauern und Bewohnern der Region Moskau wurde diese Woche Schnee versprochen. Diese Woche werden Moskauer und Bewohner der Region Moskau den Schnee genießen, berichtet das Hydrometeorologische Zentrum Russlands. Aber Sie sollten nicht mit einer weißen Decke rechnen – zu warmes Wetter lässt den Schnee nicht anhalten.",Москвичам и жителям Подмосковья пообещали снег на этой неделе,"На этой неделе москвичей и жителей Подмосковья порадует снег, сообщает Гидрометцентр России. Но не стоит рассчитывать на белое покрывало — слишком тёплая погода не даст снегу задержаться.","Muscovites and residents of the Moscow region were promised snow this week. This week, Muscovites and residents of the Moscow region will enjoy snow, reports the Hydrometeorological Center of Russia. But you shouldn’t count on a white blanket - too warm weather will not allow the snow to linger.","Moscovitae et incolas regionis Moscuae hac septimana nives promissae sunt. Hac septimana, Moscovitae et incolas regionis Moscuae nive gaudebunt, Centrum Russiae Hydrometeorologicum refert. Sed album stragulum non numerabis - tempestas nimia nivem morari non sinit.",https://life.ru/p/1818186,https://static.life.ru/ip/unsafe/rs:fit:1200:/q:98/sh:0.5/czM6Ly9saWZlLXN0YXRpYy9wdWJsaWNhdGlvbnMvMjAyNS8xMi84LzYzNTI4MTc4ODU1MS45NTUuanBn.webp,,", . .
 , , , 0 +5 . , : -3 -1°C -5 0°C .
 , , . , .
 « » Life.",,2025-12-19 20:55:48+00:00,wmo,Russia,ESB,Europe
1ef3ca5af2f1493f293f84ea5cb530f9,2025-12-08T15:47:01Z,Snow&Ice,снег России,tass.ru,ru,0.8,Im Süden Russlands werden Schneeregen und Regen erwartet. Meteorologen sagen niedrigere Temperaturen voraus,На юге России ожидаются мокрый снег и дожди,Синоптики прогнозируют понижение температур,Sleet and rain are expected in southern Russia. Forecasters predict lower temperatures,Pruina et pluvia in Russia australi exspectantur. Praedicunt Forecasters inferioribus temperaturis,https://tass.ru/obschestvo/25847703,https://cdn-storage-media.tass.ru/thumb/ru/obschestvo/25847703?u=2025-12-08T15:47:01.074717,,", 8 . //. . , 11 .
 , 5 , 14 /. - , .
 . 2 3 , - 0 5, 8 . , .
 , , . 6 . 2-3 . 1.
 , 2 , - 0. . 5 .
 . . , 4 , - 9. , 12 .
 , . 4-5 , - 8-10 . 2 , 2 """".
 10-11 , , . ""[ ] 10 , , . -, - 7-12 /,… [+54 chars]",,2025-12-19 20:55:48+00:00,wmo,Russia,ESB,Europe
f2eab8321d294e785d4e86bd3fa58635,2025-12-10T04:08:45Z,Snow&Ice,снег России,tass.ru,ru,0.8,"In den meisten Regionen Nordwestrusslands werden Regen, Schnee und Eis erwartet. Ereignisse in Russland und der Welt. Analytische Veröffentlichungen. Materialien von Pressekonferenzen. Video- und Fotoberichte","В большинстве регионов Северо-Запада России ожидаются дождь, снег и гололедица",События в России и мире. Аналитические публикации. Материалы пресс-конференций. Видео- и фоторепортажи,"Rain, snow and ice are expected in most regions of North-West Russia. Events in Russia and the world. Analytical publications. Materials of press conferences. Video and photo reports","Pluvia, nix et glacies in plerisque regionibus Russiae Septentrionalis-Occidentalis exspectantur. Gesta in Russia et mundo. Editiones analyticae. Materiae collationum diurnariae. Video et photo tradit",https://tass.ru/obschestvo/25865295,https://cdn-storage-media.tass.ru/thumb/ru/obschestvo/25865295?u=2025-12-10T04:08:45.310468,,", 10 . //. - . , . 
 15 , - 5-10 . . , , . . . 4 1 , - 2 3, . 
 , , , . 4 1 . , , . , 3-8 /, 13 /. - 11-16 , - 1-6. 
 . 7 18 , - 2-7 , - 2-4. , , 6-11 /, . , 5 . , , , , - . 
 , . 1-6 . , , - . .… [+59 chars]",,2025-12-19 20:55:48+00:00,wmo,Russia,ESB,Europe
766d2dac34deb8a48ffde67705bc7d22,2025-12-12T03:04:08Z,Snow&Ice,снег России,rg.ru,ru,0.8,"Starker Nassschnee mit Regen und Wind: Was ein neuer Zyklon nach Kamtschatka bringen wird. Die Hauptdirektion des Ministeriums für Notsituationen Russlands für die Region Kamtschatka sprach darüber, was die Bewohner der Region von dem neuen Zyklon zu erwarten haben, der heute Abend eintreffen wird.",Сильный мокрый снег с дождем и ветер: что принесет новый циклон на Камчатку,"В ГУ МЧС России по Камчатскому краю рассказали о том, чего ожидать жителям региона от нового циклона, который придет уже сегодня вечером.","Heavy wet snow with rain and wind: what a new cyclone will bring to Kamchatka. The Main Directorate of the Ministry of Emergency Situations of Russia for the Kamchatka Territory spoke about what residents of the region should expect from the new cyclone, which will arrive this evening.","Nix gravis imbre et vento madet: quam novam cyclone Kamchatka feret. Praecipuus Directoratus Ministerii Emergency Situationis Russiae pro Territorio Kamchatka locutus est de iis quae incolas regionis exspectare debent ab novo cyclone, qui hac vespera adveniet.",https://rg.ru/2025/12/12/reg-dfo/silnyj-mokryj-sneg-s-dozhdem-i-veter-chto-prineset-novyj-ciklon-na-kamchatku.html,https://cdnstatic.rg.ru/images/rg-social-dummy-logo-650x360.jpg,,", 12 . - . .
 . , . , - . , .
"" . "", - .
 , , . . - .",,2025-12-19 20:55:48+00:00,wmo,Russia,ESB,Europe
6372651bc1043e887aeda726342b67c9,2025-12-12T04:04:14Z,Snow&Ice,снег России,tass.ru,ru,0.8,"Im Nordwesten Russlands werden Winde, Schneestürme, Regen und Eis erwartet. Insbesondere in Archangelsk werden Schnee und minus 4-9 Grad vorhergesagt","На Северо-Западе России ожидаются ветра, метели, дождь и гололед","В частности, в Архангельске прогнозируют снег и минус 4-9 градусов","Winds, snowstorms, rain and ice are expected in North-West Russia. In particular, snow and minus 4-9 degrees are predicted in Arkhangelsk","Venti, nives, pluviae et glaciei in Russia septentrionali-occidentali exspectantur. Praesertim nix et minus 4-9 gradus praedicuntur in Arkhangelisk .",https://tass.ru/obschestvo/25891307,https://cdn-storage-media.tass.ru/thumb/ru/obschestvo/25891307?u=2025-12-12T04:04:14.239869,,", 4-9 
, 12 . //. - , . , .
  12   - 15-20 /. "" , , "", - . , , , . , , 4-9 .
 , 17-22 /; 15-20 /, 23-28 /, , , 12-17 , . , , , 2-8 . 23 /.
 500 . , 14 /, - . 6-15 , - 4 1 , - 11. 3 . , 2-4 , , . … [+144 chars]",,2025-12-19 20:55:48+00:00,wmo,Russia,ESB,Europe
07ed3c9d419498ae0fd34c35121cab7f,2025-12-12T05:34:21Z,Snow&Ice,снег России,lenta.ru,ru,0.8,"Der Termin für Schneefall in Moskau wurde bekannt gegeben. Am Freitag, dem 12. Dezember, wird es in Moskau schneien, aber nicht lange anhalten. Dieses Datum für das Auftreten von Winterniederschlägen in der Hauptstadt wurde vom wissenschaftlichen Direktor des Hydrometeorologischen Zentrums Russlands, Roman Vilfand, benannt, schreibt RIA Novosti",Названа дата выпадения снега в Москве,"Снег в Москве выпадет в пятницу, 12 декабря, но не задержится надолго. Такую дату появления зимних осадков в столице назвал научный руководитель Гидрометцентра России Роман Вильфанд, пишет РИА Новости","The date for snowfall in Moscow has been announced. Snow will fall in Moscow on Friday, December 12, but will not stay for long. This date for the appearance of winter precipitation in the capital was named by the scientific director of the Hydrometeorological Center of Russia Roman Vilfand, writes RIA Novosti","Dies nix in Moscuae nuntiatus est. Nix Moscuae cadent Veneris die 12 Decembris, sed diu non manebit. Hanc diem pro aspectu praecipitationis hiemis in urbe capitali nominatam a directore scientifico hydrometorologico Centri Russiae Roman Vilfand, scribit RIA Novosti.",https://lenta.ru/news/2025/12/12/nazvana-data-vypadeniya-snega-v-moskve/,https://icdn.lenta.ru/images/2025/12/12/08/20251212083614071/share_c2ccf150137242a06a21ac3994c915c9.jpg,,", 12 , . , .
«, , . , . , , , . , », .
 . , . , , , .
« , , . , », . , .
, .",,2025-12-19 20:55:48+00:00,wmo,Russia,ESB,Europe
38ea27b72619445661d32eef1e0fd9d2,2025-12-12T15:29:58Z,Snow&Ice,снег России,rg.ru,ru,0.8,"Der Wettervorhersager sagte, dass der Herbst in Moskau eine Pause machen und dem Winter weichen werde. Die Bewohner des zentralen Teils Russlands sind noch nicht in richtiger Neujahrsstimmung: Echter Schnee und Frost haben sich in der Region noch nicht niedergelassen. Der Prognostiker und Leiter des METEO-Prognosezentrums Alexander Sh sprach darüber, wann der Herbst dem Winter weichen wird ...","Синоптик сообщил, что осень в Москве возьмет паузу и уступит зиме","У жителей центральной части России пока нет по-настоящему новогоднего настроения: настоящий снег и морозы в регионе до сих пор не установились. О том, когда осень уступит место зиме, рассказал синоптик, руководитель прогностического центра ""МЕТЕО"" Александр Ш…",The weather forecaster said that autumn in Moscow will take a break and give way to winter. Residents of the central part of Russia are not yet in a truly New Year's mood: real snow and frost have not yet settled in the region. Forecaster and head of the METEO forecast center Alexander Sh spoke about when autumn will give way to winter...,Vatem tempestatis dixit autumnum Moscuae intermissum futurum et in hiemem cessurum. Residentes partis centralis Russiae nondum in modo vere Novo Anni sunt: ​​reales nix et gelu nondum in regione consedit. Vatem et caput METEO PROVIDENTIA medius Alexander Sh locutus est de quo autumnus hiemem cedet.,https://rg.ru/2025/12/12/reg-cfo/sinoptik-soobshchil-chto-osen-v-moskve-vozmet-pauzu-i-ustupit-zime.html,https://cdnstatic.rg.ru/uploads/images/2025/12/12/ria_9067259hr_346.jpg,,": , . , , : 12 0°C 16 , Life.ru. 
 , 13 , -5...-7 °C, , 14 , -6...-8 °C, , 15 , -7...-9 °C.
 .",,2025-12-19 20:55:48+00:00,wmo,Russia,ESB,Europe
e977f07bd954d5fa687199841a371375,2025-12-15T12:06:26Z,Snow&Ice,снег России,tass.ru,ru,0.8,Im Süden Russlands wird es Regen und Schneeregen geben. Meteorologen sagen für das Wochenende wärmere Temperaturen voraus,На юге России пройдут дожди и мокрый снег,Синоптики прогнозируют потепление к выходным,There will be rain and sleet in southern Russia. Forecasters predict warmer temperatures by the weekend,Imber et pruina in Russia australi erunt. Weatherers dicunt calidiores a volutpat,https://tass.ru/obschestvo/25916123,https://cdn-storage-media.tass.ru/thumb/ru/obschestvo/25916123?u=2025-12-15T12:06:26.254430,,", 15 . //. , , , 1-6 , - 1-6 . -, 4-6 , """".
 , , . . , - , . .
 , , - . 0-2 . 3 .
 , , - , , - . . , . , Gismeteo, , 13 .
 , - 5 """", - 7 . - : - 12 , , - 13 , - 14 .
 . 2 , 3 . , , 5-7 . .
 14 … [+168 chars]",,2025-12-19 20:55:48+00:00,wmo,Russia,ESB,Europe
aa5d91df24340b2bb0f76672d8f42b23,2025-12-17T23:33:09Z,Snow&Ice,снег России,tass.ru,ru,0.8,"Vilfand: Schnee bedeckte 95 % von Russland. Der wissenschaftliche Direktor des Hydrometeorologischen Zentrums Roman Vilfand stellte fest, dass im Norden der Region Rostow leichter Schneefall beobachtet wird",Вильфанд: снег покрыл 95% территории России,"Научный руководитель Гидрометцентра Роман Вильфанд отметил, что небольшой снег отмечается на севере Ростовской области",Vilfand: snow covered 95% of Russia. Scientific Director of the Hydrometeorological Center Roman Vilfand noted that light snow is observed in the north of the Rostov region,Vilfand: nix operuit XCV% Russiae. Scientific Director Centre Hydrometeorologico-Romanus Vilfand notavit leves nives in regione Rostov septentrionali observari.,https://tass.ru/obschestvo/25944383,https://cdn-storage-media.tass.ru/thumb/ru/obschestvo/25944383?u=2025-12-17T23:33:09.356382,,", 
, 18 . //. , , 95%, 1 - 1,5%. .
"" 1 - 1,5%. 95% . 4-5% - , - "", - .
 , . , "" "".",,2025-12-19 20:55:48+00:00,wmo,Russia,ESB,Europe
df005ec1f1418efa7e713a067dccb800,2025-12-18T04:17:11Z,Snow&Ice,снег России,tass.ru,ru,0.8,"In den meisten Regionen Nordwestrusslands wird mit Schnee und Regen gerechnet. In den südlichen Regionen der Republik Komi wird mit starkem Schneefall gerechnet, wobei sich die Sicht auf 500 m verschlechtert und der Wind auf 4-9 m/s zunimmt",В большинстве регионов Северо-Запада России ожидаются снег и дожди,В южных районах Республики Коми ожидается сильный снегопад с ухудшением видимости до 500 м и усилением ветра до 4-9 м/с,"Snow and rain are expected in most regions of North-West Russia. In the southern regions of the Komi Republic, heavy snowfall is expected with visibility deteriorating to 500 m and wind speed up to 4-9 m/s","Nix et pluvia in plerisque regionibus Russiae Septentrionalis-Occidentalis expectantur. In regionibus meridianis reipublicae Komi, nix gravis expectatur cum visibilitate corrumpi ad 500 m et venti crescentis ad 4-9 m/s.",https://tass.ru/obschestvo/25945161,https://cdn-storage-media.tass.ru/thumb/ru/obschestvo/25945161?u=2025-12-18T04:17:11.840620,,"500 4-9 /
, 18 . //. , 18 -. , 0, 5 , .
 . , 2-7 , 17 . , - . . . 1 4, 0 5 .
 , , . . 2 , - 8. () , 21-26, 36 , 11. , , . 2-7 /, 7-12 /, 18 /.
 500 4-9 /. 23 , 4-9 , 12-17 . 25-30 , . - - 38 .
 … [+59 chars]",,2025-12-19 20:55:48+00:00,wmo,Russia,ESB,Europe
5ee200cab15a42ccc331e00c99a03986,2025-12-09T02:43:12Z,Snow&Ice,снег России,news.mail.ru,ru,0.8,"Schnee mit Regen und starkem Frost: Welches Wetter erwartet die Russen in den kommenden Tagen? Im europäischen Russland ist der Winter noch nicht wie er selbst; Das Wetter bleibt hier ungewöhnlich warm und bewölkt. Im Nordwesten des Landes werden starke Schneefälle erwartet, die zur Bildung von Schneeverwehungen und Schwierigkeiten auf den Straßen führen können, und jenseits des Urals...",Снег с дождем и лютый мороз: какая погода ждет россиян в ближайшие дни,"В Европейской России зима еще не похожа на себя, здесь сохраняется аномально теплая и пасмурная погода. На северо-западе страны при этом ожидаются сильные снегопады, которые могут привести к образованию сугробов и сложностям на дорогах, а за Уралом уже разбуш…","Snow with rain and severe frost: what weather awaits Russians in the coming days. In European Russia, winter is not yet like itself; the weather here remains abnormally warm and cloudy. In the north-west of the country, heavy snowfalls are expected, which can lead to the formation of snowdrifts and difficulties on the roads, and beyond the Urals...","Nix cum pluvia et pruina severa: quae tempestas Russos in diebus venturis expectat. In Russia Europaea, hiems nondum similis est; tempestas hic enormis calidis et nubilis manet. In septentrione-occidentali regione magnae nix exspectantur, quae ad formationem niviorum et difficultatum in viis et ultra Urales ducere possunt.",https://news.mail.ru/society/69021917/,https://news.mail.ru/social_preview/69021917/?time=a9d3cbebe3474ed5acc933122fa462b9,,", , , ,   ,      .  5  +2 ,    4  +2.      +5…7 .
 , , ,     .  , ,   .      5  +1 ,  —  3  +4,     .
   — , , ,    —      .      1  +2 ,     +4…6.    3  +3.
  ,   , ,   ,   .    16…21,  —   16…11… [+353 chars]",,2025-12-20 02:25:35+00:00,wmo,Russia,ESB,Europe
2b2d1472262c6cf750b8787acdf9cb48,2025-12-02T08:39:40Z,Precipitation,осадки в россии,pogoda.mail.ru,ru,0.8,"Meteorologen haben geantwortet, in welchen Regionen am Dienstag mit Niederschlägen zu rechnen ist. Welche Temperatur wird am Dienstag in den Regionen Russlands herrschen: Wettervorhersage für den 2. Dezember 2025. Wir sagen Ihnen, wo heute der Schnee fällt und wo es regnen wird.","Синоптики ответили, в каких регионах во вторник ожидаются осадки","Какая температура установится в регионах России во вторник: прогноз синоптиков на 2 декабря 2025. Рассказываем, где сегодня выпадет снег, где пройдут дожди.","Forecasters have answered in which regions precipitation is expected on Tuesday. What temperature will be in the regions of Russia on Tuesday: weather forecasters' forecast for December 2, 2025. We tell you where the snow will fall today and where it will rain.",Vates responderunt in quibus regionibus praecipitatio die Martis expectatur. Quae temperatura in regionibus Russiae die Martis erit: praenuntiatio tempestatis ad diem 2 Decembris 2025. Dicimus tibi ubi nix hodie cadet et ubi pluet.,https://pogoda.mail.ru/news/68934036/,https://resizer.mail.ru/p/dd24b9aa-4f0e-5447-9bcd-648294369d07/AQAGVMvWTzrdUtj4xFLMepsWFICEz-m-ROC6RoJc6QfYhq3i0ezIGD8lGeW4MeaaGRtWGseCDm8dgPVW1tdJaH9Er7c.jpg,,", 2 , −14 °.     .   −19 °.      −30 °.   — −47 °,   — −19 °,   — −5 °.
  . , .   — +2 °,   — +1 °,   — +4 °.
  .    +13 °,   —  +15 °,   —  +11 °. .",,2025-12-20 20:54:49+00:00,wmo,Russia,ESB,Europe
40ceb6ecfb90e2f20eef07139d80a1e1,2025-12-05T09:22:04Z,Snow&Ice,снег России,pogoda.mail.ru,ru,0.8,"Den Russen wurde gesagt, dass die Temperatur dort 20 Grad höher als normal sein würde. Wie ist das Wetter heute in Russland: genaue Vorhersage für den 5. Dezember 2025. Wir sprechen über die Lufttemperatur in Regionen, in denen es am Freitag schneit und in denen es wärmer wird.","Россиянам сказали, где температура превысит норму на 20 градусов","Какая погода в России сегодня: точный прогноз на 5 декабря 2025. Рассказываем про температуру воздуха в регионах, где в пятницу пойдет снег, где потеплеет.","The Russians were told where the temperature would be 20 degrees higher than normal. What is the weather like in Russia today: accurate forecast for December 5, 2025. We talk about the air temperature in regions where it will snow on Friday and where it will get warmer.",Russi nuntiaverunt ubi temperatura 20 gradibus solito altior esset. Qualis tempestas est in Russia hodie: accurate praenuntiativum diei 5 Decembris 2025. Loquimur de aeris temperie in regionibus ubi Veneris die nix erit et ubi calidius erit.,https://pogoda.mail.ru/news/68980411/,https://resizer.mail.ru/p/aced5068-9d7a-50e9-9816-a658e861f702/AQAGcza0ojCnylDOdjTUrtUcbxNBL-XvFeNFBK4a_OTn_iP2ObSEDBtaZg_dZdObt11nUooIwM4CKre29AwGRNdf3eQ.jpg,,",  , :   .   −8 °,   — −7 °,   — −9 °,   — −2 °.",,2025-12-20 20:54:49+00:00,wmo,Russia,ESB,Europe
31d62fac9225e52ecb6dcc0ffeb9f0d7,2025-12-07T07:26:49Z,Snow&Ice,снег России,www.kommersant.ru,ru,0.8,Vilfand: Die Schneefläche in Russland wird bis Mitte nächster Woche auf 92 % ansteigen. Nach der Prognose des Hydrometeorologischen Zentrums Russlands wird bis Mitte nächster Woche etwa 92 % des Landes mit Schnee bedeckt sein. Im Föderationskreis Wolga werden eisige Temperaturen erwartet. Details finden Sie in unserem Material.,Вильфанд: площадь снега в России вырастет до 92% к середине следующей недели,"По прогнозу Гидрометцентра России, к середине следующей недели снег покроет около 92% территории страны. В Приволжском федеральном округе ожидаются отрицательные температуры. Подробности – в нашем материале.","Vilfand: the snow area in Russia will increase to 92% by the middle of next week. According to the forecast of the Hydrometeorological Center of Russia, by the middle of next week snow will cover about 92% of the country. Freezing temperatures are expected in the Volga Federal District. Details are in our material.","Vilfand: area nivis in Russia crescet ad 92% media septimanae proximae. Secundum praesagium Centri Hydrometeorologici Russiae, media septimanae proximae circiter 92% regionis nix operiet. Temperatura gelantia expectatur in Districtu Volga Foederali. Singula sunt in materia nostra.",https://www.kommersant.ru/doc/8268931,https://iv.kommersant.ru/SocialPics/8268931_49_0_758242568,,"92% . .
 -4°C -9°C, -2°C -7°C. , , . « , , - , - 2% 90%», .
 , . , , .",,2025-12-20 20:54:49+00:00,wmo,Russia,ESB,Europe
a0424c98c129aea047b05c44dbd8df62,2025-12-07T13:39:00Z,Snow&Ice,снег России,iz.ru,ru,0.8,"Der Wetterbericht sagte für Moskau bis Ende nächster Woche keinen Schneefall voraus. Bis Ende nächster Woche wird es in Moskau keinen Schnee geben. Roman Vilfand, wissenschaftlicher Direktor des Russischen Hydrometeorologischen Zentrums, teilte diese Vorhersage am 7. Dezember in einem Gespräch mit RT mit.",Синоптик спрогнозировал отсутствие снега в Москве до конца следующей недели,Снег в Москве до конца следующей недели не выпадет. Таким прогнозом 7 декабря в беседе с RT поделился научный руководитель Гидрометцентра России Роман Вильфанд.,"The weather forecaster predicted no snow in Moscow until the end of next week. There will be no snow in Moscow until the end of next week. Roman Vilfand, scientific director of the Russian Hydrometeorological Center, shared this forecast on December 7 in a conversation with RT.","Vater tempestas nullas nives Moscuae usque ad finem proximae hebdomadis praedixit. Nives nullae erunt Moscuae usque ad finem septimanae proximae. Romanus Vilfand, moderator scientificus Centri Hydrometeorologici Russiae, hanc praesagium communicavit die 7 Decembris in colloquio cum RT.",https://iz.ru/2003881/sinoptik-sprognoziroval-otsutstvie-snega-v-moskve-do-kontca-sleduiushchei-nedeli-izi,http://cdn.iz.ru/sites/default/files/styles/900x506/public/news-2025-12/DSC01879_2%20copy.jpg?itok=rGg2FtLJ,,". 7 RT .
« , , . 3 5 , 0 . - , , », .
 , . , , . , .
« , . 9 () », .
 , 92% . , , , .
 «»",,2025-12-20 20:54:49+00:00,wmo,Russia,ESB,Europe
0499f2f855b0048b83e32059f68078c1,2025-12-12T08:31:25Z,Snow&Ice,снег России,pogoda.mail.ru,ru,0.8,"Prognostiker gaben an, in welchen Regionen Russlands mit Schneefall zu rechnen ist. Wie ist das Wetter heute in Russland: genaue Vorhersage für den 12. Dezember 2025. Wir sprechen über die Lufttemperatur in den Regionen, in denen es am Freitag schneien und kälter werden wird.","Синоптики сказали, на какие регионы России надвигается снегопад","Какая погода в России сегодня: точный прогноз на 12 декабря 2025. Рассказываем про температуру воздуха в регионах, где в пятницу пройдет снег и похолодает.","Forecasters said which regions of Russia are likely to experience snowfall. What is the weather like in Russia today: accurate forecast for December 12, 2025. We talk about the air temperature in the regions where it will snow and get colder on Friday.",Vates dixerunt quas regiones Russiae nix nix experientur. Qualis tempestas est in Russia hodie: accurate prospicere pro 12 Decembris 2025. Loquimur de aeris temperie in regionibus ubi nix erit et Veneris die frigidiores erunt.,https://pogoda.mail.ru/news/69069684/,https://resizer.mail.ru/p/71be9a5d-049e-5222-a383-c71f16e16023/AQAGsL35VYuHZQ5wL8nIIF8XoxZMxyiRRHkGvzf9BCez819Hi_cXvOll_c04e4djNDhhiwnz7E_WhIp8J-BzjWZL9tk.jpg,,", 12 , −7 °C,  - — −10 °C,   — −17 °C,   — −15 °C.    .   — −5 °C,   — −26 °C,   — −40 °C,   — −41 °C.
 . ,   ,   .   −9 °C,   — −10 °C,   — −11 °C,   — −15 °C,   — −35 °C,   — −43 °C.",,2025-12-20 20:54:49+00:00,wmo,Russia,ESB,Europe
488876bdce7709033e6a3fce87aaf799,2025-12-15T08:32:32Z,Precipitation,дождь россия,pogoda.mail.ru,ru,0.8,"Die Russen wurden am Montag vor gefrierendem Regen gewarnt. Am 15. Dezember 2025 wird in Russland mit Schneeregen und Eisregen gerechnet. Wir verraten Ihnen die Wettervorhersage für Montag, in welchen Regionen es wärmer wird.",Россиян предупредили о ледяном дожде в понедельник,"В России ожидаются мокрый снег и ледяной дождь 15 декабря 2025. Рассказываем прогноз погоды на понедельник, в каких регионах потеплеет.","Russians were warned of freezing rain on Monday. Sleet snow and freezing rain are expected in Russia on December 15, 2025. We tell you the weather forecast for Monday, in which regions it will become warmer.","Die Lunae pluviae torporeae Russi moniti sunt. Nix pruina et pluvia in Russia exspectantur die 15 mensis Decembris anno 2025. Dicimus tibi tempestatem Lunae prospicere, in quibus regionibus calidiores fient.",https://pogoda.mail.ru/news/69098317/,https://resizer.mail.ru/p/61f1e17a-06e5-56c8-add8-042e8cd720b4/AQAGRBff-S5mCtZxBt3_-ojfzGb_zpte3qR1B6sZ66ecLO3EZQgPdn1z3w2Nj3r6Btpzg-LidR8clpTT-Cqdk57Dn3I.jpg,,", 15 ,  - .   ,   .  .   .   — −16 °,   — −20 °,   — −3 °.
  .    −34 °,   —  −31 °,   —  −40 °.   :     — −4 °,  .   , , +5 °.
  .     — −10 °,   — −14 °,   — −12 °.  , 16 .   .
    ,    ,     . … [+126 chars]",,2025-12-20 20:54:49+00:00,wmo,Russia,ESB,Europe
5dd01a2a137c55454d2dab2148d77be9,2025-12-06T16:33:06Z,Snow&Ice,снег России,life.ru,ru,0.8,"„Atmosphärisches Geschenk“: Den Moskauern wurde gesagt, wann mit Schnee zu rechnen sei. Den echten Winter spüren die Bewohner Zentralrusslands in der zweiten Dezemberhälfte, wenn es fast täglich schneit. Diese optimistische Vorhersage wurde vom Wettervorhersager Evgeny Tishkovets in einem Gespräch mit Gazeta.ru gemacht.","«Атмосферный подарок»: Москвичам рассказали, когда ждать снега","Жители Центральной России почувствуют настоящую зиму во второй половине декабря, когда снег будет идти практически ежедневно. С таким оптимистичным прогнозом выступил синоптик Евгений Тишковец в беседе с «Газетой.ru».","“Atmospheric gift”: Muscovites were told when to expect snow. Residents of Central Russia will feel real winter in the second half of December, when it snows almost every day. This optimistic forecast was made by weather forecaster Evgeny Tishkovets in a conversation with Gazeta.ru.","""Donum atmosphaericum"": Moscovitae dicebatur quando nives exspectarent. Residentes Centralis Russiae hiemem realem in medio Decembri sentient, cum fere cotidie ningit. Praedictio optima haec facta est per vatem tempestatis Evgeny Tishkovets in colloquio cum Gazeta.ru.",https://life.ru/p/1817588,https://static.life.ru/ip/unsafe/rs:fit:1200:/q:98/sh:0.5/czM6Ly9saWZlLXN0YXRpYy9wdWJsaWNhdGlvbnMvMjAyNS8xMi82LzE2ODE5ODY3Mjk2Ny43NTM0OC5wbmc=.webp,,", . «.ru».
 , « ». , . , , , , « ». .
«     , 100%. , , . , , ,   ,   ,   ,  -2, -7 . », .
 Life.ru , , . , . , , .
 « » Life.",,2025-12-21 08:58:07+00:00,wmo,Russia,ESB,Europe
9e4673a2aa7296e75edc05eda58c45b6,2025-12-09T11:28:00Z,Snow&Ice,снег России,www.interfax.ru,ru,0.8,"Am Mittwoch wird es in Moskau schneien und schnell schmelzen. Interfax: Am Mittwoch wird in Moskau leichter Schneefall erwartet, aber aufgrund des warmen Wetters wird er schnell schmelzen, sagte Roman Vilfand, wissenschaftlicher Direktor des Hydrometeorologischen Zentrums Russlands, gegenüber Interfax. „Es werden leichte Niederschläge vorhergesagt, hauptsächlich am Mittwoch, es wird sehr wenig geben...",В Москве в среду выпадет снег и быстро растает,"Интерфакс: В Москве в среду ожидается небольшой снег, но из-за теплой погоды он быстро растает, сообщил ""Интерфаксу"" научный руководитель Гидрометцентра России Роман Вильфанд.""Небольшие осадки прогнозируются, преимущественно в среду, будет такой совсем неболь…","Snow will fall in Moscow on Wednesday and will melt quickly. Interfax: Light snow is expected in Moscow on Wednesday, but due to warm weather it will melt quickly, scientific director of the Hydrometeorological Center of Russia Roman Vilfand told Interfax. “Light precipitation is predicted, mainly on Wednesday, there will be very little...","Nix Moscuae die Mercurii cadet et cito tabescet. Interfax: Nix levis exspectatur Moscuae die Mercurii, sed ob tempestatem calidam cito liquefaciet, director scientificus Centri Hydrometeorologici Russiae Romani Vilfand nuntiavit Interfax. ""Praedixit levis praecipitatio, maxime die mercurii, minimus erit...",https://www.interfax.ru/moscow/1062233,https://www.interfax.ru/aspimg/1062233.jpg,,". 9 . INTERFAX.RU - , - , """" .
"" , , , . , . "", - .
 , 0 - 2 , - 1 - 1 . , 11 , : 1 - 1, - 5, - 2 4, - 6.",,2025-12-21 08:58:07+00:00,wmo,Russia,ESB,Europe
a17e799b925606c639ed7a1dc4c7c3e8,2025-12-06T01:20:31Z,Snow&Ice,снег России,vz.ru,ru,0.8,"Vilfand meldete bis Mitte Dezember keinen Schnee in Moskau. Nach Angaben des Hydrometeorologischen Zentrums wird in der Hauptstadt im Dezember mindestens bis zur Monatsmitte mit Bewölkung und dem Fehlen einer stabilen Schneedecke gerechnet. Der wissenschaftliche Direktor des Hydrometeorologischen Zentrums Russlands, Roman Vilfand, sagte gegenüber TASS, dass es in Moskau bis zur zweiten Jahreshälfte wahrscheinlich nicht schneien werde...",Вильфанд сообщил об отсутствии снега в Москве до середины декабря,"По данным Гидрометцентра, в декабре в столице ожидается облачность и отсутствие устойчивого снежного покрова как минимум до середины месяца. Научный руководитель Гидрометцентра России Роман Вильфанд сообщил ТАСС, что снег в Москве маловероятен до второй полов…","Vilfand reported no snow in Moscow until mid-December. According to the Hydrometeorological Center, cloudiness and absence of stable snow cover are expected in the capital in December at least until the middle of the month. The scientific director of the Hydrometeorological Center of Russia, Roman Vilfand, told TASS that snow in Moscow is unlikely until the second half...","Vilfand nuntiavit nullas nives Moscuae usque ad medium Decembris. Secundum Centrum Hydrometeorologicum, nubilum et absentia nivis operculum stabilium exspectantur in capitali mense Decembri saltem usque ad medium mensem. Moderator scientificus Centri Hydrometeorologici Russiae, Romanus Vilfand, nuntiavit TASS nix Moscuae abhorrere usque ad medium secundum...",https://vz.ru/news/2025/12/6/1378957.html#text,https://img.vz.ru/upimg/soc/soc_1378957.png,,", , , , The Washington Post. , .
 Make Sunsets, « ». , , . , . . 
 , - Stardust, 75 . , , . , , . « ». 
 , , , . , , . , , , . 
 . , . , , . 
 , , . « », , : , , . , , , .
  .   , 18 ,",,2025-12-22 02:52:44+00:00,wmo,Russia,ESB,Europe
2e2c61874f637ca18b08470e23fd60c3,2025-12-01T10:51:00Z,Snow&Ice,снег России,vz.ru,ru,0.8,"Die Verkehrspolizei zeigte einen mehrere Kilometer langen Stau auf der Baikalautobahn. Starker Frost und Schneefall führten zu großflächigen Staus mit schweren Lastkraftwagen auf der Baikalautobahn in der Region Irkutsk, berichtet die staatliche Verkehrsinspektion der Hauptdirektion des Innenministeriums Russlands für die Region Irkutsk. In Irku wurde ein mehrere Kilometer langer Stau auf der Baikal-Bundesstraße registriert.",ГАИ показала многокилометровую пробку на трассе «Байкал»,"Сильные морозы и снегопад вызвали масштабные заторы с участием большегрузов на трассе «Байкал» в Иркутской области, сообщает Госавтоинспекция ГУ МВД России по Иркутской области. Многокилометровая пробка на федеральной трассе «Байкал» была зафиксирована в Ирку…","The traffic police showed a multi-kilometer traffic jam on the Baikal highway. Severe frosts and snowfall caused large-scale traffic jams involving heavy trucks on the Baikal highway in the Irkutsk region, reports the State Traffic Inspectorate of the Main Directorate of the Ministry of Internal Affairs of Russia for the Irkutsk Region. A multi-kilometer traffic jam on the Baikal federal highway was recorded in Irku...","Negotiatio vigilum ostendit iam multi-kilometres mercaturam in via Baikal. Gravis pruinae et nix magnae mercaturae jams quae gravia aliquet in regione Baikal via in regione Irkutsk implicantur, refert Inspectoratus publici Negotiationis Praecipuae Directoratus Ministerii Internum Negotium Russiae pro Regione Irkutsk. Multi chiliometrorum negotiatio impedita in via Baikal foederati scripta est in Irku...",https://vz.ru/news/2025/12/1/1377838.html#text,https://img.vz.ru/upimg/soc/soc_1377838.png,,"« . , , », Financial Times. 
 , «» « , ». , . , , , , .
 , . , 2029 . « ».",,2025-12-22 17:00:18+00:00,wmo,Russia,ESB,Europe
63a612cb135520bc9a7b4222aa3da665,2025-12-06T23:06:12Z,Snow&Ice,снег России,news.mail.ru,ru,0.8,"Für den russischen Langlaufpokal wurde in Chusovoy Kunstschnee verlegt. In Chusovoy (Territorium Perm) wurden für die dritte Etappe des russischen Pokals im Skilanglauf Kunstschnee auf den Pisten des Skigebiets Metallurg gelegt. Der Bürgermeister der Gemeinde, Sergei Belov, kündigte Vorbereitungen für die Starts bei ungewöhnlich warmem Wetter an.",Для Кубка России по лыжным гонкам в Чусовом уложили искусственный снег,В Чусовом (Пермский край) для проведения третьего этапа Кубка России по лыжным гонкам уложили искусственный снег на трассах лыжной базы «Металлург». О подготовке к стартам в условиях аномально теплой погоды сообщил мэр муниципалитета Сергей Белов.,"For the Russian Cross-Country Cup, artificial snow was laid in Chusovoy. In Chusovoy (Perm Territory), for the third stage of the Russian Cup in cross-country skiing, artificial snow was laid on the slopes of the Metallurg ski base. The mayor of the municipality, Sergei Belov, announced preparations for the launches in conditions of abnormally warm weather.","Pro Calicem Russicum Cross-patriae, nives artificiales in Chusovoy positae sunt. In Chusovoy (Perm Territorio), pro tertio gradu Calicem Russici in transversis regionibus skiing, nives artificiales in proclivi basis ski Metallurg posita est. Maior municipii Sergei Belov denuntiavit apparatum tempestatum enormis condiciones immissas.",https://news.mail.ru/society/68998849/,https://news.mail.ru/social_preview/68998849/?time=361b143df296c224d5e702ed43379cf9,,",         10  15    .  10     15     11 . 13 ,  — 14 .",,2025-12-22 17:00:18+00:00,wmo,Russia,ESB,Europe
1858cd204ca29191fd828bee9eef3783,2025-12-07T04:24:15Z,Snow&Ice,снег России,news.mail.ru,ru,0.8,"Der Wettervorhersager gab bekannt, wann es in Russland wieder schneien wird. Bis Mitte nächster Woche wird fast ganz Russland wieder schneebedeckt sein. Zu diesem Zeitpunkt werde es 92 % der Landesfläche bedecken, sagte Roman Vilfand, wissenschaftlicher Direktor des Russischen Hydrometeorologischen Zentrums. Ihm zufolge wird die Fläche der Schneedecke aufgrund der kälteren Temperaturen zunehmen...","Синоптик раскрыл, когда в Россию вернется снег","К середине следующей недели снег снова накроет почти всю Россию. К этому времени он будет лежать на 92% территории страны, сообщил научный руководитель Гидрометцентра России Роман Вильфанд. По его данным, площадь снежного покрова вырастет за счет похолодания …","The weather forecaster revealed when snow will return to Russia. By the middle of next week, snow will again cover almost all of Russia. By this time, it will cover 92% of the country’s territory, said Roman Vilfand, scientific director of the Russian Hydrometeorological Center. According to him, the area of ​​snow cover will increase due to colder temperatures...","Vatem tempestatis revelatum est cum nix in Russiam revertetur. Medio septimanae proximae, nix fere totam Russiam iterum operiet. Per hoc tempus 92% territorii ruris operiet, Vilfand Roman, director scientificus Centri Hydrometeorologici Russiae. Iuxta eum, area nivalis involucrum ob calidioras temperaturas augebit.",https://news.mail.ru/society/68999653/,https://news.mail.ru/social_preview/68999653/?time=c59c9ff0d5ceae54d888a3ccda8a44ea,,",       .   ,  −1  +1 ,  — .     ,   — ,       .  ,  ,   .         −40 ,  RT.",,2025-12-22 17:00:18+00:00,wmo,Russia,ESB,Europe
582905ddd8231592d463e90ebf0e649b,2025-12-08T16:21:43Z,Snow&Ice,снег России,pogoda.mail.ru,ru,0.8,Im Süden Russlands werden Schneeregen und Regen erwartet. Meteorologen sagen einen Rückgang der Temperaturen voraus.,На юге России ожидаются мокрый снег и дожди,Синоптики прогнозируют понижение температур.,Sleet and rain are expected in southern Russia. Forecasters predict a drop in temperatures.,Pruina et pluvia in Russia australi exspectantur. Praedicunt Forecasters gutta in temperaturis.,https://pogoda.mail.ru/news/69018417/,https://resizer.mail.ru/p/61f1e17a-06e5-56c8-add8-042e8cd720b4/AQAGLQeSU_QfgDxz_MB34tV358IvkbDmnZaikAJfqUj-_v7JckI-cOu8dQA25UCCUdND2n3E3rbw0rSsg-77Q4MC0sc.jpg,,"10−11 ,   ,       . «[ ] 10  ,   , . -, - 7−12 /, 4−6 , 6−8 . [ ] 10  ,   , . , - 5−10 /, 5−7 , 8−10 », —  .",,2025-12-22 17:00:18+00:00,wmo,Russia,ESB,Europe
3d67bd0fb4d7e637828e1abde1f4b5d5,2025-12-09T11:09:49Z,Snow&Ice,снег России,pogoda.mail.ru,ru,0.8,"Prognostiker antworteten, wann der Winter Zentralrussland „erobern“ wird. Wie wird das Wetter in Russland: genaue Vorhersage für die Woche. Wir sagen Ihnen, wie hoch die Temperatur in den Regionen ist, wann die Kälte kommt und ob Schnee fällt.","Синоптики ответили, когда зима «захватит» Центральную Россию","Какая будет погода в России: точный прогноз на неделю. Рассказываем, какая температура в регионах, когда придет похолодание, выпадет ли снег.","Forecasters answered when winter will “capture” Central Russia. What will the weather be like in Russia: accurate forecast for the week. We tell you what the temperature is in the regions, when the cold weather will come, and whether snow will fall.","Vates responderunt quando hiems ""capturam"" Central Russiam habebit. Qualis tempestas erit in Russia: accurate praecognoscere septimanam. Dicimus tibi quid sit temperatura in regionibus, quando veniet frigus, et si nix cadet.",https://pogoda.mail.ru/news/69025951/,https://resizer.mail.ru/p/19913521-429b-5522-ad70-063ded7fecac/AQAGgi4GF_3RpbVCPDDQ9IfEveuMVjnnJhjT51Vxt9vZTUQjq1A59WH9nF2eJCOLH96ZFyv4NG8q5rCmDrt1bUflyho.jpg,,"-.   +4−7 °, .    , 12 ,     .   ,  .",,2025-12-22 17:00:18+00:00,wmo,Russia,ESB,Europe
37022f060bf0c539f4da728d64bc77ae,2025-12-12T10:35:10Z,Snow&Ice,снег России,pogoda.mail.ru,ru,0.8,"Der Freitag markiert den Beginn einer Kältewelle im europäischen Russland. Wie ist das Wetter heute im europäischen Russland: genaue Vorhersage für den 12. Dezember 2025. Wir sprechen über den Kälteeinbruch in den Regionen, in denen es am Freitag schneien wird, wie hoch die Temperatur sein wird.",Пятница станет началом похолодания в Европейской России,"Какая погода в Европейской России сегодня: точный прогноз на 12 декабря 2025. Рассказываем о похолодании в регионах, где в пятницу пойдет снег, какая будет температура.","Friday will mark the beginning of a cold snap in European Russia. What is the weather like in European Russia today: accurate forecast for December 12, 2025. We talk about the cold snap in the regions where it will snow on Friday, what the temperature will be.","Veneris initium frangendi frigoris in Russia Europae notabit. Quae tempestas est in Russia Europaea hodie: accurate prospicere pro 12 Decembris 2025. Loquimur de franguntur frigore in regionibus ubi Veneris die nix erit, quid temperatura futura sit.",https://pogoda.mail.ru/news/69070475/,https://resizer.mail.ru/p/ab5fd5d3-061f-5b26-900c-89bdb146ce71/AQAGOdz4MfWjF5LjJKNDPuRwlURvf3zR6I5tt3RoGF24-olzWWmE00Xh68jo03nwSAcXv1sy-R06r5W_jqHP9QpRvM0.jpg,,"+10,4 °C. 1994 : +8,6 °C.   125 .    0,6 .",,2025-12-22 17:00:18+00:00,wmo,Russia,ESB,Europe
89f4c46befa13dc96f5e4860fd198b68,2025-12-15T10:37:16Z,Snow&Ice,снег России,pogoda.mail.ru,ru,0.8,"Warmes Wetter wird diese Woche mehrere Bezirke Russlands bedecken. Wir verraten Ihnen, wie das Wetter diese Woche in Russland wird. In welchen Bezirken wird vom 15. bis 21. Dezember 2025 mit einer Erwärmung gerechnet, wobei die Kälte anhält und Schnee fällt.",На неделе тепло накроет несколько округов России,"Рассказываем, какая будет погода в России на неделе. В каких округах ожидается 15–21 декабря 2025 потепление, где сохранятся холода и пройдет снег.","Warm weather will cover several districts of Russia this week. We tell you what the weather will be like in Russia this week. In which districts is warming expected on December 15–21, 2025, where the cold will persist and snow will fall.","Tempestas tepida plures regiones Russiae hac septimana operiet. Dicimus tibi quanta tempestas in Russia hac septimana futura sit. In quibus regionibus calefactio expectatur Kalendis Decembribus 15-21, 2025, ubi frigus perseveret et nix cadet.",https://pogoda.mail.ru/news/69101229/,https://resizer.mail.ru/p/e36316e1-7cd5-5159-9c52-30cf5157d304/AQAGKjwSQyZXaTY3lZKcJCBNzbglqOxHHCwGHqJl_rTJ3rQqQ4DssKShGIZc-qh5RKil9U85KKeu6E08MQnUaL5kQ2I.jpg,,".  , 15 , ,   , 16 ,  .  −14 °.",,2025-12-22 17:00:18+00:00,wmo,Russia,ESB,Europe
dac7c27329ce28dbe612b0a23f2043cd,2025-12-17T04:50:19Z,Snow&Ice,снег России,news.mail.ru,ru,0.8,"In der Woche vor Neujahr wird es in Russland schneien und frostig sein. Der Meteorologe Evgeny Tishkovets warnte, dass in Russland in der Woche vor Neujahr nach einer Zeit von Tauwetter und Schneematsch mit kalten Temperaturen und anhaltendem Schnee zu rechnen sei.",В предновогоднюю неделю в России пойдёт снег и ударят морозы,"Метеоролог Евгений Тишковец предупредил, что в предновогоднюю неделю в России ожидается похолодание и устойчивый снег после периода оттепелей и слякоти.","In the week before New Year's, it will snow and be frosty in Russia. Meteorologist Evgeny Tishkovets warned that cold temperatures and persistent snow are expected in Russia in the pre-New Year week after a period of thaws and slush.",Septimana ante Novum Annum in Russia nives et pruinae erunt. Meteorologus Evgeny Tishkovets monuit temperaturas algoris et nives persistentes exspectari in Russia in anno praecedente octodecim post periodum tabem et tabem.,https://news.mail.ru/society/69126255/,https://resizer.mail.ru/p/aae69315-688d-5ef8-a615-915ee6224aba/AQAGlaZ_mAIZN1DpnZeLqzP9Voch7G6C3PR8naRi524MGCys82c_mUZ0lJHeTgXgoTbpOes6Wpt_5V8P5hdD2ou66wE.png,,",         .",,2025-12-22 17:00:18+00:00,wmo,Russia,ESB,Europe
61804f91b3ed4feedb696ff936f5ae21,2025-12-17T23:45:58Z,Snow&Ice,снег России,pogoda.mail.ru,ru,0.8,"Vilfand: Schnee bedeckte 95 % von Russland. Die schneebedeckte Fläche in der Russischen Föderation beträgt etwa 95 %, wobei Schwankungen zwischen 1 und 1,5 % möglich sind. Dies berichtete Roman Vilfand, wissenschaftlicher Direktor des Hydrometeorologischen Zentrums Russlands, gegenüber TASS.",Вильфанд: снег покрыл 95% территории России,"Площадь, покрытая снегом, в РФ составляет около 95%, при этом возможны колебания в пределах 1 — 1,5%. Об этом сообщил ТАСС научный руководитель Гидрометцентра России Роман Вильфанд.","Vilfand: snow covered 95% of Russia. The area covered with snow in the Russian Federation is about 95%, with fluctuations within 1 - 1.5% possible. Roman Vilfand, scientific director of the Hydrometeorological Center of Russia, reported this to TASS.","Vilfand: nix operuit XCV% Russiae. Area nive obducta in Foederatione Russiae 95% est fere, cum ambigua intra 1 - 1.5% fieri potest. Romanus Vilfand, director scientificus Centri Hydrometeorologici Russiae, hoc TASS nuntiavit.",https://pogoda.mail.ru/news/69140054/,https://resizer.mail.ru/p/8d03d177-6113-5635-8c51-0e0ae627e263/AQAGBLfecF43eWAHXP-Rz6PXx83yMkLy8j3fMzoE38PO64PlR18a9L-S1RnZgw-JweyualrvhxNtG_T_JGipBEzfK7E.jpg,,", 18 . //. , ,    95%,     1 — 1,5%.   .",,2025-12-22 17:00:18+00:00,wmo,Russia,ESB,Europe
dce26b9f339494d8beff182688079042,2025-12-21T01:11:08Z,Snow&Ice,снег России,news.mail.ru,ru,0.8,"„Moskau ist nicht Russland“: Schnee bedeckte fast 100 % des Landes und verschonte die Hauptstadt. Auf 95 % des Territoriums Russlands hat sich eine Schneedecke etabliert; Nur die Region Moskau sowie die Föderationskreise Süd- und Nordkaukasus bleiben ohne Schnee. Dies gab Roman Vilfand, wissenschaftlicher Direktor des Hydrometeorologischen Zentrums Russlands, am 21. Dezember bekannt. Ihm zufolge sind in den meisten...","«Москва — не Россия»: снег покрыл почти 100% территории страны, пощадив столицу","Снежный покров установился на 95% территории России, без снега остаются лишь Московский регион, а также Южный и Северо-Кавказский федеральные округа. Об этом 21 декабря сообщил научный руководитель Гидрометцентра России Роман Вильфанд. По его данным, в больши…","“Moscow is not Russia”: snow covered almost 100% of the country, sparing the capital. Snow cover has established itself on 95% of the territory of Russia; only the Moscow region, as well as the Southern and North Caucasus federal districts, remain without snow. Roman Vilfand, scientific director of the Hydrometeorological Center of Russia, announced this on December 21. According to him, in most...","""Moscoviae non est Russia"": nix paene 100% patriae obtecta, capitali parcens. Nive operculum se confirmavit in 95% territorii Russiae; solum regionem Moscuam, sicut etiam regiones foederales meridionales et Caucasum septentrionalem, sine nivis manent. Romanus Vilfand, moderator scientificus Centri Hydrometeorologici Russiae, hoc die XXI mensis Decembris... secundum eum maxime annuntiavit.",https://news.mail.ru/society/69179177/,https://news.mail.ru/social_preview/69179177/?time=c07a11218f9e6331747b8cef30c0cb0a,,"«95 … ,   —   . , ,       . , , , -  — , . », —     .",,2025-12-22 17:00:18+00:00,wmo,Russia,ESB,Europe
5ea4a78f9742e79aee6e06d23d3d7d31,2025-12-22T01:23:53Z,Snow&Ice,снег России,tass.ru,ru,0.8,"Vilfand: In der nächsten Woche wird es in Moskau keinen Schneefall geben. Gleichzeitig seien leichte Niederschläge möglich, sagte der wissenschaftliche Direktor des Hydrometeorologischen Zentrums Russlands",Вильфанд: снегопадов в Москве в ближайшую неделю не будет,"При этом возможны небольшие осадки, сообщил научный руководитель Гидрометцентра России","Vilfand: there will be no snowfalls in Moscow in the next week. At the same time, light precipitation is possible, said the scientific director of the Hydrometeorological Center of Russia","Vilfand: nullae nives Moscuae in altera septimana erunt. Eodem tempore, levis praecipitatio fieri potest, dixit moderatorem scientificum Centrum Russiae hydrometorologicum",https://tass.ru/obschestvo/25982821,https://cdn-storage-media.tass.ru/thumb/ru/obschestvo/25982821?u=2025-12-22T01:23:53.622794,,", 
, 22 . //. , . .
"" , , . . , , "", - .",,2025-12-25 02:34:41+00:00,wmo,Russia,ESB,Europe
98b372850977d1137e4749c5686b5f19,2025-12-17T05:10:28Z,Snow&Ice,снег Свердловской области,news.mail.ru,ru,0.8,"In der Region Swerdlowsk wurde Schnee gemessen - es gibt einen Spitzenreiter. Die Höhe der Schneedecke in der Region Swerdlowsk erreichte am Morgen des 17. Dezember 38 Zentimeter. Solche Daten liefert der Wettervorhersager Alexey Pulin in seinem Telegrammkanal „Wetter in Jekaterinburg“. Die Höchstwerte wurden im Norden der Region gemessen, die Tiefstwerte im Süden...",В Свердловской области измерили снег — есть лидер,"Высота снежного покрова в Свердловской области на утро 17 декабря достигла 38 сантиметров. Такие данные приводит синоптик Алексей Пулин в своем telegram-канале «Погода в Екатеринбурге». Максимальные значения зафиксированы на севере области, минимальные — в юж…","Snow was measured in the Sverdlovsk region - there is a leader. The height of snow cover in the Sverdlovsk region on the morning of December 17 reached 38 centimeters. Such data is provided by weather forecaster Alexey Pulin in his telegram channel “Weather in Yekaterinburg”. The maximum values ​​were recorded in the north of the region, the minimum - in the south...","Nix mensurata est in regione Sverdlovsk - dux est. Altitudo nivis operculum in regione Sverdlovsk mane die 17 Decembris pervenit 38 centimetra. Talis notitia providetur per vatem tempestatis Alexey Pulin in suo canali telegrapho ""Tempestas in Yekaterinburg"". Maximae valores scripti sunt in regione septentrionali, minima in australi...",https://news.mail.ru/society/69126486/,https://news.mail.ru/social_preview/69126486/?time=704b92ce3ebe942a046dfcfdecfb2d59,,"17  38 .   telegram- «  ».   ,  —    - .
« 8:00 17   11  38 .   ,  —    - », —  .
  — 38 .      37 ,     —  33 ,   — 31,   — 29.   24 ,  ,    —  23,  ,   —  22,     —  21 .
  20 ,    — 19,  ,   — … [+44 chars]",,2025-12-26 09:00:57+00:00,wmo,Russia,ESB,Europe
640eb3955bfcf237111e9e846d585912,2025-12-19T01:29:12Z,Snow&Ice,снег Челябинской области,news.mail.ru,ru,0.8,"Auf der gesperrten Autobahn Tscheljabinsk M5 fällt weiterhin starker Schneefall. Auf einem Abschnitt der Bundesstraße M5 in der Region Tscheljabinsk kommt es weiterhin zu heftigen Regenfällen, aufgrund derer zuvor Verkehrsbeschränkungen eingeführt wurden. In der Bergbauzone der Region herrschen weiterhin ungünstige Bedingungen, es schneit. Das berichten Prognostiker.",Сильный снегопад продолжается на закрытой челябинской трассе М5,"На участке федеральной трассы М5 в Челябинской области продолжаются сильные осадки, из-за которых ранее было введено ограничение движения. Неблагоприятные условия сохраняются в горнозаводской зоне региона, где идет снег. Об этом сообщают синоптики.","Heavy snowfall continues on the closed Chelyabinsk M5 highway. Heavy rainfall continues on a section of the M5 federal highway in the Chelyabinsk region, due to which traffic restrictions were previously introduced. Unfavorable conditions persist in the mining zone of the region, where it snows. Forecasters report this.","Gravis nix pergit in via clausa Chelyabinsk M5. Imbribus gravis pergit sectio semitae foederalis M5 in regione Chelyabinsk, propter quam restrictiones negotiationis antea introductae sunt. Condiciones iniquae perseverant in fodienda regione, ubi ningit. Vates hoc referunt.",https://news.mail.ru/society/69155567/,https://news.mail.ru/social_preview/69155567/?time=0ebcd9797c6508edb11eea0a9fd00cdf,,"« , 19 ,   .  8:00 ,    .   , ,   », —   «».",,2025-12-27 20:55:04+00:00,wmo,Russia,ESB,Europe
89fa39bf0741c8a3f2250c25dfbf5d5e,2025-12-19T05:15:21Z,Snow&Ice,снег Челябинской области,news.mail.ru,ru,0.8,"Die Region Tscheljabinsk war einen Tag lang mit Schnee bedeckt. Meteorologen sagten, dass es in den nächsten 24 Stunden in der gesamten Region Tscheljabinsk ununterbrochen schneien werde. Zur Überwachung der Lage wurde der Straßenpatrouillendienst (DPS) auf einen erweiterten Betriebsmodus umgestellt; Fünftausend Geräte reinigen die Straßen.",Челябинскую область на сутки накрыл снегопад,"На территории всей Челябинской области в ближайшие сутки без остановки будет идти снег, сообщили синоптики. Наряды дорожно-патрульной службы (ДПС) переведены на усиленный режим работы для контроля обстановки, дороги чистят полтысячи единиц техники.","The Chelyabinsk region was covered with snow for a day. It will snow non-stop throughout the entire Chelyabinsk region in the next 24 hours, forecasters said. The road patrol service (DPS) has been switched to an enhanced operating mode to monitor the situation; five thousand units of equipment are cleaning the roads.",Regio Chelyabinsk per diem nive cooperta est. Nives non cessabunt per totam regionem Chelyabinsk in proximis 24 horis forecasters dixerunt. Viae circuitus muneris (DPS) switched ad modum operandi auctum ad condicionem monitorem redacta est; quinque milia armorum viarum purgant.,https://news.mail.ru/incident/69157165/,https://news.mail.ru/social_preview/69157165/?time=4f12b3f6d36568175f02cb8b94ed9ec9,,", -   . «    142 , 470  », — -  telegram-.     .",,2025-12-27 20:55:04+00:00,wmo,Russia,ESB,Europe
e5937ad465a0a1055b6278c8536c61d7,2025-12-24T06:07:09Z,Snow&Ice,лед Саратовской области,tass.ru,ru,0.8,"In der Region Saratow wurde ein Verbot für Bürger eingeführt, sich auf das Eis zu begeben. Die Beschränkungen gelten vom 26. Dezember 2025 bis zum 12. Januar 2026",В Саратовской области ввели запрет выхода граждан на лед,Ограничения будут действовать с 26 декабря 2025 года по 12 января 2026 года,"In the Saratov region, a ban was introduced on citizens going out on the ice. The restrictions will be in effect from December 26, 2025 to January 12, 2026","In regione Saratov, bannum civibus in glacie exeuntes introductum est. Restrictiones vigebunt a die 26 Decembris 2025 ad diem 12 Ianuarii 2026 .",https://tass.ru/obschestvo/26002929,https://cdn-storage-media.tass.ru/thumb/ru/obschestvo/26002929?u=2025-12-24T06:07:09.082589,,"26 2025 12 2026 
, 24 . //. . - .
"" . "", - .
, 26 2025 12 2026 . . 15 15 2026 .
 , 19 , - 24.",,2025-12-28 16:57:55+00:00,wmo,Russia,ESB,Europe
6d2110d02942b628c1af1c352ee4e4d5,2025-12-27T05:38:47Z,Snow&Ice,снег Челябинской области,tass.ru,ru,0.8,"An diesem Wochenende werden im Ural Schnee und Frost erwartet. In der Region Tscheljabinsk wird es bewölkt mit Lichtungen, Schnee, teilweise vereisten Straßen, Windböen bis zu 10 m/s",На Урале в выходные ожидаются снег и изморозь,"В Челябинской области будет облачно с прояснениями, снег, в отдельных районах на дорогах гололедица, порывы ветра до 10 м/с","Snow and frost are expected in the Urals this weekend. In the Chelyabinsk region it will be cloudy with clearings, snow, icy roads in some areas, wind gusts up to 10 m/s","Nive et pruina sit amet nulla volutpat urna eu. In regione Chelyabinsk nubilum erit cum purgationibus, nivibus, viae glacialibus in locis quibusdam, procellis venti usque ad 10 m/s",https://tass.ru/obschestvo/26031199,https://cdn-storage-media.tass.ru/thumb/ru/obschestvo/26031199?u=2025-12-27T05:38:47.608790,,", , , 10 /
, 27 . //.   (). .
"" 27 28 , , . - 3-8 /. - 12 17 , 22 , - 9 14, 17 "", - .
 , , , 10 /. 13 , - 25 .
 , , , , , 12 /. 22 , 37 .
 - , , , , 10 /. 21 , - 29 . , , , 7 /. 33 , - 46 .
 , … [+16 chars]",,2025-12-28 20:55:49+00:00,wmo,Russia,ESB,Europe
53c94becd51d50ed1c49af5a0418706e,2025-12-28T04:05:56Z,Snow&Ice,мороз россии,tass.ru,ru,0.8,Meteorologen sprachen über das Wetter in Südrussland am Neujahrstag. Insbesondere in der Region Rostow wird mit Frost und Schnee gerechnet,Синоптики рассказали о погоде на юге России в Новый год,"В частности, в Ростовской области ожидается мороз и снег","Forecasters spoke about the weather in southern Russia on New Year's Day. In particular, frost and snow are expected in the Rostov region",Forecasters de tempestate in Russia meridionali in Novo Anni Dies locutus est. Praesertim frigora et nives in regione Rostovia exspectantur,https://tass.ru/obschestvo/26036205,https://cdn-storage-media.tass.ru/thumb/ru/obschestvo/26036205?u=2025-12-28T04:05:56.236471,,", 
, 28 . //. , . .
, 2017 . , , 2026 , - . 31 1 - 4-9 , 1-3.
 31 1 , , . , . 31 1 , 2-4 , . 7 , - - 12, . 2 3 .
 . 31 , 1 - 3 . , , , , - . , , , . 31 2 , 1 - 4 .
 , 31 , . ""31 . . 7-12 /, 15 /… [+255 chars]",,2025-12-30 09:02:41+00:00,wmo,Russia,ESB,Europe
cc14d748a192328231e36b86c0c208e5,2025-12-30T07:03:23Z,Snow&Ice,лед Свердловской области,news.mail.ru,ru,0.8,"Der Leiter des Swerdlowsker Gesundheitsministeriums machte auf dem Eis einen Half-Split. Video. Die stellvertretende Gouverneurin und Gesundheitsministerin der Region Swerdlowsk, Tatjana Sawinowa, ging mit jungen Eisläufern in Sysert aufs Eis. Während des Besuchs absolvierte die Abteilungsleiterin eine Halbzeitfahrt und nahm am Staffellauf teil, wobei sie, wie sie zugab, keinen Schlittschuh anzog...",Глава свердловского минздрава села на полушпагат на льду. Видео,"Замгубернатора — министр здравоохранения Свердловской области Татьяна Савинова вышла на лед вместе с юными фигуристами в Сысерти. Во время визита глава ведомства прокатилась в полушпагате и поучаствовала в эстафете, хотя, как она призналась, не надевала коньк…","The head of the Sverdlovsk Ministry of Health did a half-split on the ice. Video. Deputy Governor - Minister of Health of the Sverdlovsk Region Tatyana Savinova took to the ice with young skaters in Sysert. During the visit, the head of the department did a half-split ride and took part in the relay race, although, as she admitted, she did not put on a skate...","Caput Sverdlovsk Ministerio Sanitatis in glacie dimidia scinditur. Videor. Prorex gubernator - Minister Salutis Sverdlovsk Regionis Tatyana Savinova glaciem cum iuvenibus skaters in Sysert suscepit. In visitatione, caput department fecit, dimidium scissum est equitare et in cursui cursui interfuit, quamvis, ut admisit, Nullam in se non posuit.",https://news.mail.ru/society/69287972/,https://news.mail.ru/social_preview/69287972/?time=836e2bddb39067112b73e3171fbfb644,,"«  ,   ,   .     -  : “, , []”», —   «»  . .   ,  2019      ,   2021-   « “”».     .",,2026-01-03 02:30:19+00:00,wmo,Russia,ESB,Europe
243efe46c06e4fdf5464f3439089a2e2,2025-12-31T12:16:34Z,Snow&Ice,снег Краснодарского края,vz.ru,ru,0.8,"Aufgrund des Schneefalls stürzten im Kuban die Dächer zweier Wohngebäude ein und eine Person starb. Schneefall führte zum Einsturz der Dächer von Häusern im Bezirk Belorechensky der Region Krasnodar und tötete ein 22-jähriges Mädchen, berichtete die regionale Einsatzzentrale. In einem Privathaus in der Festivalny-Gasse in Beloretschensk konnte das Dach der Schneelast nicht standhalten, wodurch...","Из-за снегопада на Кубани обрушились кровли двух жилых домов, погиб человек","Снежные осадки привели к обрушению крыш домов в Белореченском районе Краснодарского края, погибла 22-летняя девушка, сообщили в оперштабе региона. В частном доме на переулке Фестивальном в Белореченске под тяжестью снега не выдержала крыша, в результате чего …","Due to snowfall in Kuban, the roofs of two residential buildings collapsed, killing a person. Snowfall led to the collapse of the roofs of houses in the Belorechensky district of the Krasnodar Territory, killing a 22-year-old girl, the regional operational headquarters reported. In a private house on Festivalny Lane in Belorechensk, the roof could not withstand the weight of snow, as a result of which...","Ob nix in Kuban tecta duorum aedium residentialium corruerunt, hominem necaverunt. Nix ruina tectorum domorum in agro Belorechensky territorii Krasnodar ductus est, puellam occisionem 22 annorum, in praetorio regionali perficiendo nuntiavit. In domo privata die Festivalny Lane in Belorechensk, tectum nivis pondus sustinere non potuit, ex quo...",https://vz.ru/news/2025/12/31/1384533.html#text,https://img.vz.ru/upimg/soc/soc_1384533.png,,"21 , Bella 1 , . , , New York Times (NYT).
 , , , , .
 , -, , , . , . 
 Bella 1 17 , , New York Times , . 
 , Bella 1 , , , . . .
 , Bloomberg 21 ,  Bella 1 . Bloomberg   , , ,   - . 
    .",,2026-01-04 05:16:27+00:00,wmo,Russia,ESB,Europe
1e6ab66c157562372b43b502717fe43e,2025-12-26T15:00:00Z,Snow&Ice,мороз россии,pikabu.ru,ru,0.7,"Wolkengenerator Surgut: das leistungsstärkste Wärmekraftwerk Russlands. - Ja, in Surgut! Nun, hier gibt es eine Woche im Jahr Öl, Frost, Sommer, Surgutneftegaz ...
Viele Menschen haben normalerweise ähnliche Assoziationen mit Surgut. Ja, die Stadt ist vor allem für ihre Öl- und Gasindustrie, das kalte Wetter und die Flüchtlingsskandale bekannt ...",Сургутский генератор облаков: мощнейшая теплоэлектростанция России,"- Да, в Сургуте! Ну это там, где нефть, морозы, лето неделю в году, Сургутнефтегаз...
Примерно такие ассоциации обычно возникают с Сургутом у многих людей. Да, город известен по большей части благодаря нефтегазовой промышленности, холодам, скандалам с мигран…","Surgut cloud generator: the most powerful thermal power plant in Russia. - Yes, in Surgut! Well, this is where there is oil, frost, summer for a week a year, Surgutneftegaz... Many people usually have similar associations with Surgut. Yes, the city is known mostly for its oil and gas industry, cold weather, migrant scandals...","Surgut nubes generantis: potentissima potentia scelerisque planta in Russia. - Ita in Surgut! Bene, hoc est ubi oleum, pruina, aestas per hebdomadem annum, Surgutneftegaz... Multi solent similes consociationes cum Surgut habere. Ita civitas maxime nota est propter oleum et industriam gasi, frigoris tempestatem, scandala migrantium...",https://pikabu.ru/story/surgutskiy_generator_oblakov_moshchneyshaya_teployelektrostantsiya_rossii_13540351,https://cs19.pikabu.ru/s/2025/12/26/12/5waewr7g_s.jpg,,"- , ! , , , , ...
 . , , , , . - -2. , , -3 . .
-2 - . 
, , . . , , , , - . , , , . : , . .
 1964 . . : , ( ), . : , , , . . , , :
1965 . .
 1968 . 13 . , .
- 1970 , : 1971-. : , 7,5 . , , , .… [+335 chars]",,2026-01-13 20:59:11+00:00,wmo,Russia,ESB,Europe
