index,module,topic,color,feed,term,created,country,ratio,counter,pages,language,ipcc,continent
'966ea715f3',extremes,Snow&Ice,#d60d2b,wmo,мороз россии,2026-01-15T10:56:00+00:00,Russia,0.7517259062529495,1,3,ru,ESB,Europe
'627432b574',extremes,Snow&Ice,#d60d2b,wmo,мороз Смоленской области,2026-01-17T03:44:00+00:00,Russia,0.7429373795321205,2,2,ru,ESB,Europe
'b4680f45bf',extremes,Snow&Ice,#d60d2b,wmo,мороз беларуси,2026-01-15T10:56:00+00:00,Belarus,0.7404134352944834,1,2,ru,WCE,Europe
'ffe6caf686',extremes,Snow&Ice,#d60d2b,wmo,снег России,2026-01-15T10:56:00+00:00,Russia,0.712424021651959,1,3,ru,ESB,Europe
'bb7f82afd7',extremes,Snow&Ice,#d60d2b,wmo,снег Свердловской области,2026-01-15T10:56:00+00:00,Russia,0.7122608983813719,1,2,ru,ESB,Europe
'43ac637eed',extremes,Snow&Ice,#d60d2b,wmo,мороз Челябинская область,2026-01-17T03:44:00+00:00,Russia,0.7093829244848053,1,2,ru,ESB,Europe
'f1d46c4294',extremes,Snow&Ice,#d60d2b,wmo,мороз Калужской области,2026-01-15T10:56:00+00:00,Russia,0.7081565212165087,2,2,ru,ESB,Europe
'01e4b0cc71',extremes,Earthquake,#870007,usgs,землетрясение Курильск,2026-01-15T10:56:00+00:00,Russia,0.6995091771068134,2,1,ru,EAS,Asia
'8710bd49ea',extremes,Earthquake,#870007,usgs,землетрясение Северо-Курильск,2026-01-15T10:56:00+00:00,Russia,0.6994758844175525,2,1,ru,RFE,Asia
'6351689404',extremes,Snow&Ice,#d60d2b,wmo,лед Беларуси,2026-01-15T10:56:00+00:00,Belarus,0.6911707132425904,1,2,ru,WCE,Europe
'542bc85191',extremes,Precipitation,#d60d2b,wmo,ливень сочи,2026-01-15T12:14:00+00:00,Russia,0.6848765951973568,2,1,ru,ESB,Europe
'671fb710ed',extremes,Storm,#b3b2b1,wmo,шторм в сочи,2026-01-15T10:56:00+00:00,Russia,0.6788080442481139,2,1,ru,ESB,Europe
'23ad2bb822',extremes,Earthquake,#870007,usgs,землетрясение в России,2026-01-15T10:56:00+00:00,Russia,0.6680458496906393,2,1,ru,EAS,Asia
'935334a1b8',extremes,Snow&Ice,#d60d2b,wmo,снег Беларуси,2026-01-15T10:56:00+00:00,Belarus,0.6661041292733098,1,2,ru,WCE,Europe
'179c5c0d77',extremes,Snow Avalanche,#deddd5,wmo,лавина сочи,2026-01-17T03:44:00+00:00,Russia,0.6608976877855776,2,1,ru,ESB,Europe
'846ed66c82',extremes,Precipitation,#d60d2b,wmo,осадки в россии,2026-01-15T10:56:00+00:00,Russia,0.6602315574283336,2,1,ru,ESB,Europe
'153c812731',extremes,Snow&Ice,#d60d2b,wmo,снег Саратовской области,2026-01-26T04:09:00+00:00,Russia,0.6560832029730682,2,1,ru,ESB,Europe
'a1c4a0c670',extremes,Snow&Ice,#d60d2b,wmo,мороз Карачаево-Черкесская республика,2026-01-15T10:56:00+00:00,Russia,0.6558731931741711,1,1,ru,ESB,Europe
'0fe0d3fd46',extremes,Precipitation,#d60d2b,wmo,проливной дождь Ханты-Мансийский автономный округ,2026-01-15T12:14:00+00:00,Russia,0.6558615156196951,1,1,ru,ESB,Europe
'64218c13a6',extremes,Precipitation,#d60d2b,wmo,осадки Ставропольский край,2026-01-15T12:14:00+00:00,Russia,0.6556988527519533,1,1,ru,ESB,Europe
'73881e1c13',extremes,Snow&Ice,#d60d2b,wmo,лед Ростовской области,2026-01-25T04:06:00+00:00,Russia,0.6444167606266429,3,1,ru,ESB,Europe
'7e7895dc7a',extremes,Earthquake,#870007,usgs,землетрясение в Таджикистане,2026-01-15T10:56:00+00:00,Tajikistan,0.6422924620579246,2,1,ru,WCA,Asia
'f5a3adf8ff',extremes,Precipitation,#d60d2b,wmo,проливной дождь Краснодарский край,2026-01-22T03:59:00+00:00,Russia,0.638415343193229,0,1,ru,ESB,Europe
'45ae0aee05',extremes,Fog,#d60d2b,wmo,туман республика башкортостан,2026-01-23T04:03:00+00:00,Russia,0.6379227115177527,0,1,ru,ESB,Europe
'027802f226',extremes,Snow&Ice,#d60d2b,wmo,мороз чеченская республика,2026-01-20T03:56:00+00:00,Russia,0.6375375803618126,0,1,ru,ESB,Europe
'53d6307ecd',extremes,Snow&Ice,#d60d2b,wmo,мороз республика бурятия,2026-01-18T03:57:00+00:00,Russia,0.6375116321556872,0,1,ru,ESB,Europe
'ad2483b1da',extremes,Snow&Ice,#d60d2b,wmo,замерзающая республика бурятия,2026-01-19T04:03:00+00:00,Russia,0.6372905628672099,0,1,ru,ESB,Europe
'c1355f81e0',extremes,Storm,#b3b2b1,wmo,штурм чеченской республики,2026-01-25T04:06:00+00:00,Russia,0.6368762272571417,0,1,ru,ESB,Europe
'a0f78cdbdb',extremes,Fog,#d60d2b,wmo,туман Оренбургской области,2026-01-21T03:56:00+00:00,Russia,0.6367822777556421,0,1,ru,ESB,Europe
'd1c9ff439b',extremes,Storm,#b3b2b1,wmo,гроза республика татарстан,2026-01-27T03:58:00+00:00,Russia,0.636549163970381,0,1,ru,ESB,Europe
'1442c73805',extremes,Precipitation,#d60d2b,wmo,ливень Вологодская область,2026-01-22T03:59:00+00:00,Russia,0.6358344796768014,0,1,ru,ESB,Europe
'26b62a6a94',extremes,Snow&Ice,#d60d2b,wmo,лед Кабардино-Балкарской Республики,2026-01-26T04:09:00+00:00,Russia,0.6352444920529701,0,1,ru,ESB,Europe
'811ddab2a8',extremes,Storm,#b3b2b1,wmo,гроза Рязанская область,2026-01-27T03:58:00+00:00,Russia,0.6350401645116246,0,1,ru,ESB,Europe
'5966f3dffc',extremes,Storm,#b3b2b1,wmo,штормовой нагон в Латвии,2026-01-15T10:56:00+00:00,Latvia,0.6349215431518823,0,1,ru,WCE,Europe
'6963f17586',extremes,Snow&Ice,#d60d2b,wmo,снежно-курганская область,2026-01-19T04:03:00+00:00,Russia,0.6347383401042895,0,1,ru,ESB,Europe
'a6b4caaa0e',extremes,Snow&Ice,#d60d2b,wmo,морозная Саратовская область,2026-01-27T03:58:00+00:00,Russia,0.6344811454957532,1,1,ru,ESB,Europe
'c8d36d481c',extremes,Snow&Ice,#d60d2b,wmo,мороз Рязанской области,2026-01-20T03:56:00+00:00,Russia,0.6343015032695555,0,1,ru,ESB,Europe
'a4a5224801',extremes,Snow&Ice,#d60d2b,wmo,снег чеченской республики,2026-01-24T03:48:00+00:00,Russia,0.6341296913102821,0,1,ru,ESB,Europe
'be93518b7e',extremes,Snow&Ice,#d60d2b,wmo,морозная Владимирская область,2026-01-25T04:06:00+00:00,Russia,0.6339497647514252,0,1,ru,ESB,Europe
'af081bff88',extremes,Snow&Ice,#d60d2b,wmo,снег Астраханской области,2026-01-23T04:03:00+00:00,Russia,0.6337735162326558,0,1,ru,ESB,Europe
'addb3b2a0d',extremes,Snow&Ice,#d60d2b,wmo,холодный Сочи,2026-01-17T03:44:00+00:00,Russia,0.6337221595963684,0,1,ru,ESB,Europe
'a2e0bdac9f',extremes,Snow Avalanche,#deddd5,wmo,лавина республика дагестан,2026-01-15T10:56:00+00:00,Russia,0.6337009121445744,1,1,ru,ESB,Europe
'b0e40e4133',extremes,Snow&Ice,#d60d2b,wmo,мороз Санкт-Петербурга,2026-01-24T03:48:00+00:00,Russia,0.6334303773638752,1,2,ru,ESB,Europe
'15f4af7bbc',extremes,Snow&Ice,#d60d2b,wmo,замерзшая республика ингушетия,2026-01-18T03:57:00+00:00,Russia,0.6333849172859011,0,1,ru,ESB,Europe
'fc807a7c51',extremes,Snow&Ice,#d60d2b,wmo,снег Вологодской области,2026-01-15T10:56:00+00:00,Russia,0.6331707382445657,0,1,ru,ESB,Europe
'6f085c2045',extremes,Snow Avalanche,#deddd5,wmo,лавина Краснодарский край,2026-01-17T03:44:00+00:00,Russia,0.6326908914454026,1,1,ru,ESB,Europe
'22c6635163',extremes,Fog,#d60d2b,wmo,туман Минская область,2026-01-20T03:56:00+00:00,Belarus,0.632637419217896,0,1,ru,WCE,Europe
'56fb61ba83',extremes,Snow&Ice,#d60d2b,wmo,мороз Самарская область,2026-01-22T03:59:00+00:00,Russia,0.6326173840565713,0,1,ru,ESB,Europe
'84eb3ca3bf',extremes,Fog,#d60d2b,wmo,туман Астраханская область,2026-01-22T03:59:00+00:00,Russia,0.6323422955128384,0,1,ru,ESB,Europe
'e441e7f2e3',extremes,Snow&Ice,#d60d2b,wmo,лед Латвии,2026-01-20T03:56:00+00:00,Latvia,0.6315360039602906,0,1,ru,WCE,Europe
'8bd8574556',extremes,Precipitation,#d60d2b,wmo,осадки Пермский край,2026-01-21T03:56:00+00:00,Russia,0.6314847888252629,0,1,ru,ESB,Europe
'93b389b570',extremes,Precipitation,#d60d2b,wmo,осадки республика адыгея,2026-01-21T03:56:00+00:00,Russia,0.6310918758299706,0,1,ru,ESB,Europe
'2b2f59ed3c',extremes,Snow&Ice,#d60d2b,wmo,снег на юге Камчатского края,2026-01-25T04:06:00+00:00,Russia,0.630772660671595,1,1,ru,ESB,Europe
'8d1d64b737',extremes,Snow&Ice,#d60d2b,wmo,лед Свердловской области,2026-01-23T04:03:00+00:00,Russia,0.6301285581525214,0,1,ru,ESB,Europe
'dd0f43c761',extremes,Precipitation,#d60d2b,wmo,дождь Литва,2026-01-26T04:09:00+00:00,Lithuania,0.6297662320979827,0,1,ru,WCE,Europe
'5295642073',extremes,Flood,#030ba1,wmo,наводнение россии,2026-01-24T03:48:00+00:00,Russia,0.6297508150242406,1,1,ru,ESB,Europe
'3e07519e3b',extremes,Fog,#d60d2b,wmo,туман Гродненская область,2026-01-21T03:56:00+00:00,Belarus,0.6296371462671803,0,1,ru,WCE,Europe
'9bfe6adaf5',extremes,Snow Avalanche,#deddd5,wmo,лавина чеченская республика,2026-01-17T03:44:00+00:00,Russia,0.6293862385201874,1,1,ru,ESB,Europe
'f872d27104',extremes,Snow Avalanche,#deddd5,wmo,лавина кабардино-балкарская республика,2026-01-15T10:56:00+00:00,Russia,0.629017502615241,1,1,ru,ESB,Europe
'16df7a1c34',extremes,Snow&Ice,#d60d2b,wmo,морозная Ульяновская область,2026-01-26T04:09:00+00:00,Russia,0.6265526517112189,1,1,ru,ESB,Europe
'9e21150190',extremes,Flood,#030ba1,wmo,затопление Краснодарского края,2026-01-17T03:44:00+00:00,Russia,0.6235057193352512,1,1,ru,ESB,Europe
'c3f52aec96',extremes,Snow&Ice,#d60d2b,wmo,ледяная республика татарстан,2026-01-15T10:56:00+00:00,Russia,0.6223135835259035,1,1,ru,ESB,Europe
'5a0aee42fd',extremes,Storm,#b3b2b1,wmo,буря на новой земле,2026-01-22T03:59:00+00:00,Russia,0.6222610136846685,1,2,ru,ESB,Europe
'4b823c754e',extremes,Storm,#b3b2b1,wmo,штормовой нагон Приморский край,2026-01-17T03:44:00+00:00,Russia,0.6221939405949957,1,1,ru,ESB,Europe
'd9a2f5f2af',extremes,Snow&Ice,#d60d2b,wmo,морозная Иркутская область,2026-01-17T03:44:00+00:00,Russia,0.6188723135009555,1,1,ru,ESB,Europe
'57a8e7f501',extremes,Snow&Ice,#d60d2b,wmo,замерзающая республика татарстан,2026-01-15T10:56:00+00:00,Russia,0.6169384030249637,1,1,ru,ESB,Europe
'b5fa8003f5',extremes,Storm,#b3b2b1,wmo,шторм в россии,2026-01-15T10:56:00+00:00,Russia,0.608696662897281,1,1,ru,ESB,Europe
'8b1fa2c051',extremes,Snow&Ice,#d60d2b,wmo,лед Забайкальского края,2026-01-23T04:03:00+00:00,Russia,0.6057961193390493,1,1,ru,ESB,Europe
'e6998a615e',extremes,Earthquake,#870007,usgs,землетрясение в Мургобе,2026-01-15T12:13:00+00:00,Tajikistan,0.6055107090363517,1,1,ru,WCA,Asia
'd9cc56f031',extremes,Drought,#edc291,edo,засуха в таджикистане,2026-01-15T10:57:00+00:00,Tajikistan,0.6050545768227186,1,1,ru,WCA,Asia
'1d9c104bbb',extremes,Storm,#b3b2b1,wmo,шторм в Литве,2026-01-15T12:14:00+00:00,Lithuania,0.6050067603026666,2,1,ru,WCE,Europe
'0df507a059',extremes,Drought,#edc291,edo,засуха в азербайджане,2026-01-15T10:57:00+00:00,Azerbaijan,0.604714412733333,1,1,ru,WCA,Asia
'bb960b1994',extremes,Drought,#edc291,edo,засуха молдова,2026-01-15T10:57:00+00:00,Moldova,0.6031809050920737,1,1,ru,WCE,Europe
'730507950b',extremes,Fog,#d60d2b,wmo,туман республика калмыкия,2026-01-21T03:56:00+00:00,Russia,0.6026109624968798,1,1,ru,ESB,Europe
'5576fcc22d',extremes,Snow&Ice,#d60d2b,wmo,снег Ханты-Мансийский автономный округ,2026-01-21T03:56:00+00:00,Russia,0.6023101540128416,1,1,ru,ESB,Europe
'42487fa38d',extremes,Drought,#edc291,edo,засуха россия,2026-01-15T12:14:00+00:00,Russia,0.6011148050423933,1,1,ru,,
'3e1f1cf827',extremes,Fog,#d60d2b,wmo,туман Брянская область,2026-01-17T03:44:00+00:00,Russia,0.599678392762058,1,1,ru,ESB,Europe
'172af85ff3',extremes,Snow&Ice,#d60d2b,wmo,лед Пензенской области,2026-01-15T12:14:00+00:00,Russia,0.5995321023121559,1,1,ru,ESB,Europe
'540632b130',extremes,Fog,#d60d2b,wmo,туман Курская область,2026-01-21T03:56:00+00:00,Russia,0.5978502625184771,1,1,ru,ESB,Europe
'cb39822660',extremes,Fog,#d60d2b,wmo,туман Кемеровской области,2026-01-19T04:03:00+00:00,Russia,0.5964708085638784,1,1,ru,ESB,Europe
'1949e765cf',extremes,Fog,#d60d2b,wmo,туман Подмосковье,2026-01-20T03:56:00+00:00,Russia,0.5938852129865517,1,1,ru,ESB,Europe
'c37650b8be',extremes,Flood,#030ba1,wmo,паводок в россии,2026-01-15T12:14:00+00:00,Russia,0.5923904361822928,1,1,ru,ESB,Europe
'b80e15f835',extremes,Snow&Ice,#d60d2b,wmo,ледяная россия,2026-01-15T10:56:00+00:00,Russia,0.591627343620109,1,1,ru,ESB,Europe
'bb3a2ffcc5',extremes,Fog,#d60d2b,wmo,туман ростовской области,2026-01-20T03:56:00+00:00,Russia,0.591607962975119,1,1,ru,ESB,Europe
'68c5837832',extremes,Fog,#d60d2b,wmo,туман Мурманская область,2026-01-21T03:56:00+00:00,Russia,0.5914768812826736,1,1,ru,ESB,Europe
'488c91704a',extremes,Storm,#b3b2b1,wmo,штормовой нагон на севере Камчатского края,2026-01-19T04:03:00+00:00,Russia,0.5913412656954539,1,1,ru,ESB,Europe
'1a1c1441f2',extremes,Storm,#b3b2b1,wmo,шторм привет мааконд сааре мааконд,2026-01-15T10:56:00+00:00,Estonia,0.5907277152244857,1,1,ru,NEU,Europe
'013bee326a',extremes,Storm,#b3b2b1,wmo,штормовой нагон в Эстонии,2026-01-15T12:14:00+00:00,Estonia,0.5903951163048206,1,1,ru,NEU,Europe
'4e62a1ef72',extremes,Storm,#b3b2b1,wmo,штормовой нагон хиу мааконд сааре мааконд,2026-01-15T12:14:00+00:00,Estonia,0.590349626757975,1,1,ru,NEU,Europe
'c41b312d24',extremes,Storm,#b3b2b1,wmo,штормовой нагон soome lahe lääneosa,2026-01-15T10:56:00+00:00,Estonia,0.5903321382567291,1,1,ru,NEU,Europe
'08d159a212',extremes,Storm,#b3b2b1,wmo,шторм Харью мааконд рапла мааконд,2026-01-15T12:14:00+00:00,Estonia,0.5903304584770922,1,1,ru,NEU,Europe
'9437490682',extremes,Storm,#b3b2b1,wmo,штормовой нагон lääne maakond pärnu maakond,2026-01-15T12:14:00+00:00,Estonia,0.5903123487617312,1,1,ru,NEU,Europe
'b71af9ff0f',extremes,Storm,#b3b2b1,wmo,штормовой нагон лийви лахе пыхьяоса,2026-01-15T12:14:00+00:00,Estonia,0.5902924081742168,1,1,ru,NEU,Europe
'5fa9c6e0a0',extremes,Snow&Ice,#d60d2b,wmo,мороз Могилевской области,2026-01-15T10:56:00+00:00,Belarus,0.5902732596694634,1,1,ru,WCE,Europe
'8ac40ca1e0',extremes,Precipitation,#d60d2b,wmo,проливной дождь Беларусь,2026-01-15T12:14:00+00:00,Belarus,0.5902018374581778,1,1,ru,WCE,Europe
'e9ab38c9ce',extremes,Snow&Ice,#d60d2b,wmo,морозная Беларусь,2026-01-15T10:56:00+00:00,Belarus,0.5901908852968103,1,1,ru,WCE,Europe
'6d2b1c7652',extremes,Snow&Ice,#d60d2b,wmo,лед Гомельской области,2026-01-15T12:14:00+00:00,Belarus,0.5901729898990562,1,1,ru,WCE,Europe
'4a377046cd',extremes,Precipitation,#d60d2b,wmo,осадки Гродненская область,2026-01-15T12:14:00+00:00,Belarus,0.5900533167628845,1,1,ru,WCE,Europe
'76de7ea56d',extremes,Snow&Ice,#d60d2b,wmo,снежная Гомельская область,2026-01-15T12:14:00+00:00,Belarus,0.590020472481412,1,1,ru,WCE,Europe
'65c55078b9',extremes,Snow&Ice,#d60d2b,wmo,морозная Гомельская область,2026-01-15T12:14:00+00:00,Belarus,0.5899950941587719,1,1,ru,WCE,Europe
'b42ca6333d',extremes,Fog,#d60d2b,wmo,туман омской области,2026-01-15T10:56:00+00:00,Russia,0.5897609839432071,1,1,ru,ESB,Europe
'7f2bd09da0',extremes,Fog,#d60d2b,wmo,туман республика северная осетия алания,2026-01-18T03:57:00+00:00,Russia,0.5890474996934565,1,1,ru,ESB,Europe
'f0d2304d88',extremes,Snow&Ice,#d60d2b,wmo,ледяная республика Бурятия,2026-01-24T03:48:00+00:00,Russia,0.5887329969500744,1,1,ru,ESB,Europe
'be0dcc9cd5',extremes,Fog,#d60d2b,wmo,туман карачаево-черкесской республики,2026-01-22T03:59:00+00:00,Russia,0.587205421345784,1,1,ru,ESB,Europe
'7747997246',extremes,Fog,#d60d2b,wmo,туман россии,2026-01-15T10:56:00+00:00,Russia,0.5870475142962689,2,1,ru,ESB,Europe
'bbb3b03037',extremes,Snow&Ice,#d60d2b,wmo,мороз Пензенская область,2026-01-23T04:03:00+00:00,Russia,0.5861760546116521,1,1,ru,ESB,Europe
'48898690b5',extremes,Fog,#d60d2b,wmo,туман Архангельской области,2026-01-21T03:56:00+00:00,Russia,0.5855946917695622,1,1,ru,ESB,Europe
'ac6433bfe0',extremes,Fog,#d60d2b,wmo,туманный центр Красноярского края,2026-01-17T03:44:00+00:00,Russia,0.5855718775468064,1,1,ru,ESB,Europe
'84afd70983',extremes,Snow&Ice,#d60d2b,wmo,мороз республика дагестан,2026-01-19T04:03:00+00:00,Russia,0.5853609628485466,1,1,ru,ESB,Europe
'1164fbbb87',extremes,Fog,#d60d2b,wmo,туман Саратовской области,2026-01-15T10:56:00+00:00,Russia,0.5848997797967912,1,1,ru,ESB,Europe
'f4d9cce08b',extremes,Snow&Ice,#d60d2b,wmo,мороз Забайкальского края,2026-01-21T03:56:00+00:00,Russia,0.5846161003476811,1,1,ru,ESB,Europe
'bfdd2b1e9f',extremes,Precipitation,#d60d2b,wmo,дождь россия,2026-01-15T10:56:00+00:00,Russia,0.5837526476279647,3,1,ru,ESB,Europe
'e4c7d12a4f',extremes,Snow&Ice,#d60d2b,wmo,снежная республика дагестан,2026-01-23T04:03:00+00:00,Russia,0.5832999548098654,1,1,ru,ESB,Europe
'527a43952c',extremes,Snow&Ice,#d60d2b,wmo,замерзшая республика дагестан,2026-01-17T03:44:00+00:00,Russia,0.5820074849658754,1,1,ru,ESB,Europe
'8b9b656ff9',extremes,Fog,#d60d2b,wmo,туман Томская область,2026-01-20T03:56:00+00:00,Russia,0.5818166384247566,1,1,ru,ESB,Europe
'00a0f1db3a',extremes,Precipitation,#d60d2b,wmo,осадки Ханты-Мансийского автономного округа,2026-01-15T10:56:00+00:00,Russia,0.5801823416571755,1,1,ru,ESB,Europe
'cbbf630df0',extremes,Snow&Ice,#d60d2b,wmo,мороз Свердловская область,2026-01-20T03:56:00+00:00,Russia,0.5798835924125337,1,1,ru,ESB,Europe
'f9485b996d',extremes,Storm,#b3b2b1,wmo,гроза Краснодарский край,2026-01-24T03:48:00+00:00,Russia,0.5797664132008342,1,1,ru,ESB,Europe
'eada3ead46',extremes,Snow&Ice,#d60d2b,wmo,снег Иркутской области,2026-01-18T03:57:00+00:00,Russia,0.5797352312722217,1,1,ru,ESB,Europe
'3d66a37ea7',extremes,Snow&Ice,#d60d2b,wmo,снег Ульяновская область,2026-01-24T03:48:00+00:00,Russia,0.5770413611309159,1,1,ru,ESB,Europe
'1d14e81334',extremes,Snow&Ice,#d60d2b,wmo,морозная Омская область,2026-01-17T03:44:00+00:00,Russia,0.5753652650898204,1,1,ru,ESB,Europe
'25f8d8528b',extremes,Storm,#b3b2b1,wmo,штормовой нагон на севере Хабаровского края,2026-01-17T03:44:00+00:00,Russia,0.5751436464130829,1,1,ru,ESB,Europe
'93eb17eb27',extremes,Storm,#b3b2b1,wmo,штормовой нагон на юге Камчатского края,2026-01-15T10:56:00+00:00,Russia,0.5751319620296684,1,1,ru,ESB,Europe
'a78a18febe',extremes,Fog,#d60d2b,wmo,туман Забайкальского края,2026-01-23T04:03:00+00:00,Russia,0.5746172203847362,1,1,ru,ESB,Europe
'64e76b0ec6',extremes,Fog,#d60d2b,wmo,туман республика адыгея,2026-01-20T03:56:00+00:00,Russia,0.573799059125069,1,1,ru,ESB,Europe
'05ebd8cb9c',extremes,Fog,#d60d2b,wmo,туман республика бурятия,2026-01-27T03:58:00+00:00,Russia,0.5737374007695553,1,1,ru,ESB,Europe
'be42725594',extremes,Snow&Ice,#d60d2b,wmo,мороз на севере Камчатского края,2026-01-23T04:03:00+00:00,Russia,0.5735211158419194,1,1,ru,ESB,Europe
'767e4ce6e1',extremes,Snow&Ice,#d60d2b,wmo,снег Алтайского края,2026-01-20T03:56:00+00:00,Russia,0.5732815044728867,1,1,ru,ESB,Europe
'03cfc332cf',extremes,Snow&Ice,#d60d2b,wmo,лед юга Камчатского края,2026-01-23T04:03:00+00:00,Russia,0.5722761028598292,1,1,ru,ESB,Europe
'7f8fa74bb6',extremes,Drought,#edc291,edo,отсутствие дождей в россии,2026-01-15T10:57:00+00:00,Russia,0.5721371302071758,1,1,ru,,
'76ad379230',extremes,Earthquake,#870007,usgs,землетрясение Петропавловск Камчатский,2026-01-15T10:56:00+00:00,Russia,0.5719373754418783,2,1,ru,RFE,Asia
'85a135fac3',extremes,Earthquake,#870007,usgs,Озерновское землетрясение,2026-01-15T10:56:00+00:00,Russia,0.5718402333691892,2,1,ru,RFE,Asia
'f7921ef009',extremes,Earthquake,#870007,usgs,землетрясение вилючинск,2026-01-15T10:56:00+00:00,Russia,0.5718149992761725,2,1,ru,RFE,Asia
'0f8f3ed16f',extremes,Fog,#d60d2b,wmo,туман новосибирская область,2026-01-17T03:44:00+00:00,Russia,0.5717831798710494,1,1,ru,ESB,Europe
'7ae6318c5b',extremes,Earthquake,#870007,usgs,землетрясение Шикотан,2026-01-15T12:13:00+00:00,Russia,0.5709898991045743,2,1,ru,EAS,Asia
'1c4e7fb6c7',extremes,Fog,#d60d2b,wmo,туман Литва,2026-01-21T03:56:00+00:00,Lithuania,0.5699476400823167,1,1,ru,WCE,Europe
'1ba6c1e3d5',extremes,Snow&Ice,#d60d2b,wmo,мороз Волгоградской области,2026-01-24T03:48:00+00:00,Russia,0.5692960342921917,1,1,ru,ESB,Europe
'5d71f92099',extremes,Precipitation,#d60d2b,wmo,ливень оренбургская область,2026-01-22T03:59:00+00:00,Russia,0.5690210120480663,1,1,ru,ESB,Europe
'0171f771ad',extremes,Snow&Ice,#d60d2b,wmo,морозы на юге Камчатского края,2026-01-15T10:56:00+00:00,Russia,0.5677818678193333,1,1,ru,ESB,Europe
'ab291eee0d',extremes,Snow&Ice,#d60d2b,wmo,мороз саратовской области,2026-01-17T03:44:00+00:00,Russia,0.5669937540038302,1,1,ru,ESB,Europe
'c3cc77fea0',extremes,Snow&Ice,#d60d2b,wmo,снег Самарская область,2026-01-24T03:48:00+00:00,Russia,0.5660383302986722,1,1,ru,ESB,Europe
'f1a5f8e556',extremes,Snow&Ice,#d60d2b,wmo,лед Пермского края,2026-01-20T03:56:00+00:00,Russia,0.5655166569715937,1,1,ru,ESB,Europe
'8d47eae258',extremes,Storm,#b3b2b1,wmo,гроза ростовской области,2026-01-15T10:56:00+00:00,Russia,0.5639192403856987,1,1,ru,ESB,Europe
'89426ddfd9',extremes,Fog,#d60d2b,wmo,туман Молдовы,2026-01-28T03:56:00+00:00,Moldova,0.5636221103864854,1,1,ru,WCE,Europe
'6af684c4f4',extremes,Snow&Ice,#d60d2b,wmo,снежная республика татарстан,2026-01-20T03:56:00+00:00,Russia,0.5632686260916832,1,1,ru,ESB,Europe
'cf99db758d',extremes,Fog,#d60d2b,wmo,туман в Латвии,2026-01-21T03:56:00+00:00,Latvia,0.5627227395637913,1,1,ru,WCE,Europe
'bdb3ebf6fc',extremes,Fog,#d60d2b,wmo,туман чеченская республика,2026-01-17T03:44:00+00:00,Russia,0.5624344025998385,1,1,ru,ESB,Europe
'a9af98853d',extremes,Snow&Ice,#d60d2b,wmo,морозная Тюменская область,2026-01-27T03:58:00+00:00,Russia,0.5622481809266157,1,1,ru,ESB,Europe
'11f6834477',extremes,Snow&Ice,#d60d2b,wmo,лед Новосибирской области,2026-01-17T03:44:00+00:00,Russia,0.5616409844788313,1,1,ru,ESB,Europe
'ab74911cfa',extremes,Storm,#b3b2b1,wmo,шторм в Латвии,2026-01-15T12:14:00+00:00,Latvia,0.5605512731961168,1,1,ru,WCE,Europe
'18fe399589',extremes,Storm,#b3b2b1,wmo,штормовой нагон в Литве,2026-01-15T10:56:00+00:00,Lithuania,0.560056221706029,1,1,ru,WCE,Europe
'a62e788c6c',extremes,Storm,#b3b2b1,wmo,шторм на севере Хабаровского края,2026-01-15T10:56:00+00:00,Russia,0.5596515338413176,1,1,ru,ESB,Europe
'9ebb0f4da7',extremes,Storm,#b3b2b1,wmo,штормовой нагон Новая Земля,2026-01-20T03:56:00+00:00,Russia,0.5591935664070171,1,1,ru,ESB,Europe
'e9176ea810',extremes,Storm,#b3b2b1,wmo,штормовой нагон к югу от Курильских островов,2026-01-17T03:44:00+00:00,Russia,0.5588238462684648,1,1,ru,ESB,Europe
'ea2b2646c7',extremes,Snow&Ice,#d60d2b,wmo,снежная республика северная осетия алания,2026-01-21T03:56:00+00:00,Russia,0.5586593820479147,1,1,ru,ESB,Europe
'f05a6139b4',extremes,Precipitation,#d60d2b,wmo,ливень россия,2026-01-15T10:56:00+00:00,Russia,0.5579279960298134,2,1,ru,ESB,Europe
'5df0d65452',extremes,Storm,#b3b2b1,wmo,гроза Ненецкого автономного округа,2026-01-15T10:56:00+00:00,Russia,0.5579094938876588,2,1,ru,ESB,Europe
'9bd72fda02',extremes,Storm,#b3b2b1,wmo,гроза республика дагестан,2026-01-15T10:56:00+00:00,Russia,0.5579090448384162,2,1,ru,ESB,Europe
'696dbd33eb',extremes,Storm,#b3b2b1,wmo,штормовой нагон Чукотский автономный округ,2026-01-15T10:56:00+00:00,Russia,0.5579079758893662,2,1,ru,ESB,Europe
'eaa4af0962',extremes,Storm,#b3b2b1,wmo,штормовой нагон республика калмыкия,2026-01-15T10:56:00+00:00,Russia,0.5579043418661508,2,1,ru,ESB,Europe
'aa08711a16',extremes,Snow&Ice,#d60d2b,wmo,снег Смоленской области,2026-01-15T10:56:00+00:00,Russia,0.5579027177768532,2,1,ru,ESB,Europe
'c1fb9b89b9',extremes,Snow&Ice,#d60d2b,wmo,мороз Омской области,2026-01-15T10:56:00+00:00,Russia,0.557900926936689,2,1,ru,ESB,Europe
'90ea2112ba',extremes,Snow&Ice,#d60d2b,wmo,лед эвенкийский мр,2026-01-15T10:56:00+00:00,Russia,0.5579004613440128,2,1,ru,ESB,Europe
'fd7bd0c652',extremes,Snow&Ice,#d60d2b,wmo,морозная Пензенская область,2026-01-15T10:56:00+00:00,Russia,0.5578947870865215,2,1,ru,ESB,Europe
'6c5632b883',extremes,Snow Avalanche,#deddd5,wmo,лавина республика ингушетия,2026-01-15T10:56:00+00:00,Russia,0.5578042938853593,2,1,ru,ESB,Europe
'3229be0606',extremes,Snow Avalanche,#deddd5,wmo,лавина карачаево-черкесская республика,2026-01-15T12:14:00+00:00,Russia,0.5578023234478476,2,1,ru,ESB,Europe
'b4368e26f0',extremes,Snow Avalanche,#deddd5,wmo,лавина республика хакасия,2026-01-15T12:14:00+00:00,Russia,0.5577928741456201,2,1,ru,ESB,Europe
'69f601e136',extremes,Fog,#d60d2b,wmo,туман Ставропольского края,2026-01-15T10:56:00+00:00,Russia,0.5577125847713886,2,1,ru,ESB,Europe
'500172fc71',extremes,Snow&Ice,#d60d2b,wmo,морозная россия,2026-01-15T10:56:00+00:00,Russia,0.5576782892718186,2,1,ru,ESB,Europe
'a486f7aaa7',extremes,Snow Avalanche,#deddd5,wmo,лавина республика адыгея,2026-01-15T10:56:00+00:00,Russia,0.5576651886692824,2,1,ru,ESB,Europe
'5ddc2bcd1c',extremes,Snow Avalanche,#deddd5,wmo,лавина россия,2026-01-15T10:56:00+00:00,Russia,0.5576646091641316,2,1,ru,ESB,Europe
'fcb1daa9f9',extremes,Snow Avalanche,#deddd5,wmo,лавина республика тыва,2026-01-15T10:56:00+00:00,Russia,0.557651127451067,2,1,ru,ESB,Europe
'2b705832db',extremes,Snow Avalanche,#deddd5,wmo,лавина республика северная осетия алания,2026-01-15T12:14:00+00:00,Russia,0.5576446591212842,2,1,ru,ESB,Europe
'84f003d25f',extremes,Storm,#b3b2b1,wmo,штормовой нагон республика адыгея,2026-01-15T12:14:00+00:00,Russia,0.5576320960180994,2,1,ru,ESB,Europe
'912d7e568c',extremes,Precipitation,#d60d2b,wmo,проливной дождь Россия,2026-01-15T12:14:00+00:00,Russia,0.5576025980251225,2,1,ru,ESB,Europe
'3eddf8db4a',extremes,Snow&Ice,#d60d2b,wmo,морозная Смоленская область,2026-01-15T12:14:00+00:00,Russia,0.5575832820533052,2,1,ru,ESB,Europe
'56e6275c86',extremes,Storm,#b3b2b1,wmo,гроза оренбургская область,2026-01-15T10:56:00+00:00,Russia,0.5575832148303198,2,1,ru,ESB,Europe
'7ee4b63059',extremes,Snow&Ice,#d60d2b,wmo,мороз Тульская область,2026-01-15T12:14:00+00:00,Russia,0.5575719797036417,2,1,ru,ESB,Europe
'7c7ee3b12b',extremes,Storm,#b3b2b1,wmo,штормовой нагон россия,2026-01-15T10:56:00+00:00,Russia,0.5575615177919624,2,1,ru,ESB,Europe
'3ebd14c0c6',extremes,Storm,#b3b2b1,wmo,шторм на севере Камчатского края,2026-01-15T12:14:00+00:00,Russia,0.5575571781654023,2,1,ru,ESB,Europe
'7916c66833',extremes,Snow&Ice,#d60d2b,wmo,снег Калужской области,2026-01-15T12:14:00+00:00,Russia,0.5575571106626201,2,1,ru,ESB,Europe
'5877d58b55',extremes,Fog,#d60d2b,wmo,туман ивановская область,2026-01-15T12:14:00+00:00,Russia,0.5575348736659058,2,1,ru,ESB,Europe
'ed63e65540',extremes,Fog,#d60d2b,wmo,туман Кабардино-Балкарская республика,2026-01-15T10:56:00+00:00,Russia,0.5575146217053998,2,1,ru,ESB,Europe
'f0e5ced70e',extremes,Fog,#d60d2b,wmo,туман республика ингушетия,2026-01-15T10:56:00+00:00,Russia,0.5575047828230026,2,1,ru,ESB,Europe
'a2b1973d03',extremes,Fog,#d60d2b,wmo,туман южнее Красноярского края,2026-01-15T10:56:00+00:00,Russia,0.5574968250134692,2,1,ru,ESB,Europe
'5654834ab9',extremes,Snow&Ice,#d60d2b,wmo,ледяная республика северная осетия алания,2026-01-15T12:14:00+00:00,Russia,0.5574948457814828,2,1,ru,ESB,Europe
'c63d744d61',extremes,Precipitation,#d60d2b,wmo,ливень Пермский край,2026-01-15T12:14:00+00:00,Russia,0.5574927021047847,2,1,ru,ESB,Europe
'f99111377d',extremes,Fog,#d60d2b,wmo,туман республика тыва,2026-01-15T12:14:00+00:00,Russia,0.5574914082649364,2,1,ru,ESB,Europe
'c5b4de2840',extremes,Storm,#b3b2b1,wmo,гроза Приморский край,2026-01-15T12:14:00+00:00,Russia,0.5574522428944884,2,1,ru,ESB,Europe
'f67fcf33f2',extremes,Storm,#b3b2b1,wmo,штормовой нагон побережья Охотского моря,2026-01-15T12:14:00+00:00,Russia,0.55744287917086,2,1,ru,ESB,Europe
'8e25e1e128',extremes,Storm,#b3b2b1,wmo,штормовой нагон к югу от Сахалина,2026-01-15T12:14:00+00:00,Russia,0.5574286359284636,2,1,ru,ESB,Europe
'ebd994530c',extremes,Storm,#b3b2b1,wmo,шторм к югу от Курильских островов,2026-01-15T12:14:00+00:00,Russia,0.5574249678555949,2,1,ru,ESB,Europe
'cd28317347',extremes,Storm,#b3b2b1,wmo,шторм Чукотский автономный округ,2026-01-15T12:14:00+00:00,Russia,0.5574248836976716,2,1,ru,ESB,Europe
'f892b42e3d',extremes,Snow&Ice,#d60d2b,wmo,лед Кемеровской области,2026-01-15T12:14:00+00:00,Russia,0.557413024000711,2,1,ru,ESB,Europe
'3b7f719286',extremes,Snow&Ice,#d60d2b,wmo,мороз томская область,2026-01-15T12:14:00+00:00,Russia,0.557408609345934,2,1,ru,ESB,Europe
'f87549590c',extremes,Snow&Ice,#d60d2b,wmo,ледяная республика тыва,2026-01-15T12:14:00+00:00,Russia,0.5573943821379066,2,1,ru,ESB,Europe
'3bf3c60874',extremes,Snow&Ice,#d60d2b,wmo,ледяная республика Адыгея,2026-01-15T12:14:00+00:00,Russia,0.5573902831913042,2,1,ru,ESB,Europe
'138af6b154',extremes,Storm,#b3b2b1,wmo,шторм на юге Камчатского края,2026-01-15T12:14:00+00:00,Russia,0.5573812679557851,2,1,ru,ESB,Europe
'08f1d7fde0',extremes,Storm,#b3b2b1,wmo,штормовой нагон к северу от Сахалина,2026-01-15T12:14:00+00:00,Russia,0.5573751833408334,2,1,ru,ESB,Europe
'd64c7f6a30',extremes,Storm,#b3b2b1,wmo,шторм на арктическом побережье республики Саха,2026-01-15T12:14:00+00:00,Russia,0.5573733295681682,2,1,ru,ESB,Europe
'6660f309b4',extremes,Precipitation,#d60d2b,wmo,дождь Пермский край,2026-01-15T12:14:00+00:00,Russia,0.5573596611803763,2,1,ru,ESB,Europe
'f67746f187',extremes,Snow&Ice,#d60d2b,wmo,лед Томской области,2026-01-15T12:14:00+00:00,Russia,0.5573494156816703,2,1,ru,ESB,Europe
'ac0fa1af36',extremes,Precipitation,#d60d2b,wmo,ливень новосибирская область,2026-01-15T12:14:00+00:00,Russia,0.5572831245286755,2,1,ru,ESB,Europe
'1d6828c2f6',extremes,Precipitation,#d60d2b,wmo,проливной дождь Чеченская Республика,2026-01-15T12:14:00+00:00,Russia,0.5572754915852813,2,1,ru,ESB,Europe
'34c922c65b',extremes,Precipitation,#d60d2b,wmo,ливень республика дагестан,2026-01-15T12:14:00+00:00,Russia,0.5572562961112252,2,1,ru,ESB,Europe
'ad293ec9c8',extremes,Precipitation,#d60d2b,wmo,осадки Волгоградской области,2026-01-15T12:14:00+00:00,Russia,0.5572520145237656,2,1,ru,ESB,Europe
'd669a8743a',extremes,Snow&Ice,#d60d2b,wmo,замерзающая Курганская область,2026-01-17T03:44:00+00:00,Russia,0.5569118240329943,1,1,ru,ESB,Europe
'6ff1f0d017',extremes,Storm,#b3b2b1,wmo,гроза республика бурятия,2026-01-23T04:03:00+00:00,Russia,0.5566950910523794,1,1,ru,ESB,Europe
'c3c78771a2',extremes,Snow&Ice,#d60d2b,wmo,морозная Ленинградская область,2026-01-20T03:56:00+00:00,Russia,0.5564841465996215,1,1,ru,ESB,Europe
'd6bdb70a61',extremes,Snow&Ice,#d60d2b,wmo,мороз Пермского края,2026-01-21T03:56:00+00:00,Russia,0.5552901564808327,1,1,ru,ESB,Europe
'9e485b05b6',extremes,Snow&Ice,#d60d2b,wmo,ледяной Курганский район,2026-01-15T10:56:00+00:00,Russia,0.555255436933938,1,1,ru,ESB,Europe
'b89a350d46',extremes,Snow&Ice,#d60d2b,wmo,снег Кировской области,2026-01-24T03:48:00+00:00,Russia,0.5542330569035243,1,1,ru,ESB,Europe
'fdca65f36b',extremes,Snow&Ice,#d60d2b,wmo,лед Мурманской области,2026-01-15T10:56:00+00:00,Russia,0.5541820146816305,1,1,ru,ESB,Europe
'27476cedd4',extremes,Snow Avalanche,#deddd5,wmo,лавина на юге Красноярского края,2026-01-19T04:03:00+00:00,Russia,0.5539339766952701,1,1,ru,ESB,Europe
'c3d7e3b4ae',extremes,Snow&Ice,#d60d2b,wmo,замерзание Ханты-Мансийского автономного округа,2026-01-20T03:56:00+00:00,Russia,0.5525627078681987,1,1,ru,ESB,Europe
'238ae3b175',extremes,Fog,#d60d2b,wmo,туман Пензенская область,2026-01-20T03:56:00+00:00,Russia,0.5521761074177737,1,1,ru,ESB,Europe
'a64864e198',extremes,Storm,#b3b2b1,wmo,шторм на побережье Охотского моря,2026-01-18T03:57:00+00:00,Russia,0.5510156706824999,1,1,ru,ESB,Europe
'6c0b6c1689',extremes,Snow&Ice,#d60d2b,wmo,снежная республика карелия,2026-01-24T03:48:00+00:00,Russia,0.5508723555782578,1,1,ru,ESB,Europe
'1e4e17e9bd',extremes,Storm,#b3b2b1,wmo,шторм в Эстонии,2026-01-15T10:56:00+00:00,Estonia,0.5505864145734022,1,1,ru,NEU,Europe
'1f0144b66f',extremes,Snow&Ice,#d60d2b,wmo,замерзающая республика калмыкия,2026-01-22T03:59:00+00:00,Russia,0.5498730254376409,1,1,ru,ESB,Europe
'42147c17be',extremes,Snow&Ice,#d60d2b,wmo,морозная Свердловская область,2026-01-21T03:56:00+00:00,Russia,0.5496942885572098,1,1,ru,ESB,Europe
'304271af90',extremes,Snow&Ice,#d60d2b,wmo,снег ивановская область,2026-01-26T04:09:00+00:00,Russia,0.548449517122216,1,1,ru,ESB,Europe
'a85cd3a6ee',extremes,Snow&Ice,#d60d2b,wmo,лед чеченской республики,2026-01-23T04:03:00+00:00,Russia,0.5481605771530615,1,1,ru,ESB,Europe
'21ada6323e',extremes,Drought,#edc291,edo,отсутствие дождя в азербайджане,2026-01-15T12:14:00+00:00,Azerbaijan,0.547624183966389,1,1,ru,WCA,Asia
'8df18a8426',extremes,Fog,#d60d2b,wmo,туман Краснодарского края,2026-01-22T03:59:00+00:00,Russia,0.5475423656369154,1,1,ru,ESB,Europe
'cf7528666b',extremes,Fog,#d60d2b,wmo,туман Алитусский уезд Вильнюсский уезд,2026-01-27T03:58:00+00:00,Lithuania,0.5474707968007076,1,1,ru,WCE,Europe
'2d4bf7eca2',extremes,Snow&Ice,#d60d2b,wmo,лед Новгородской области,2026-01-25T04:06:00+00:00,Russia,0.5474387338275459,1,1,ru,ESB,Europe
'd4af44056b',extremes,Drought,#edc291,edo,засуха в россии,2026-01-19T04:03:00+00:00,Russia,0.546796450567524,1,1,ru,,
'544cdb0fe5',extremes,Snow&Ice,#d60d2b,wmo,лед Тюменской области,2026-01-17T03:44:00+00:00,Russia,0.5463594732915708,1,1,ru,ESB,Europe
'4562bf137a',extremes,Snow&Ice,#d60d2b,wmo,снег Томской области,2026-01-20T03:56:00+00:00,Russia,0.5460857296812079,1,1,ru,ESB,Europe
'25f080edf3',extremes,Storm,#b3b2b1,wmo,шторм Клайпедский уезд,2026-01-23T04:03:00+00:00,Lithuania,0.5460298581722954,1,1,ru,WCE,Europe
'c72c0188ff',extremes,Storm,#b3b2b1,wmo,штормовой нагон Ставропольский край,2026-01-17T03:44:00+00:00,Russia,0.5459349540393281,1,1,ru,ESB,Europe
'281448fa02',extremes,Snow&Ice,#d60d2b,wmo,мороз Кемеровской области,2026-01-20T03:56:00+00:00,Russia,0.5457114101725729,1,1,ru,ESB,Europe
'34762776e2',extremes,Snow&Ice,#d60d2b,wmo,лед Владимирской области,2026-01-26T04:09:00+00:00,Russia,0.544754835479906,1,1,ru,ESB,Europe
'030010626f',extremes,Snow&Ice,#d60d2b,wmo,мороз республика северная осетия алания,2026-01-21T03:56:00+00:00,Russia,0.5447375159238689,1,1,ru,ESB,Europe
'520d37d7b0',extremes,Fog,#d60d2b,wmo,туман беларусь,2026-01-20T03:56:00+00:00,Belarus,0.5445069291476825,1,1,ru,WCE,Europe
'04c59e60a2',extremes,Snow&Ice,#d60d2b,wmo,морозная Латвия,2026-01-21T03:56:00+00:00,Latvia,0.5442061053181081,1,1,ru,WCE,Europe
'b2b1441a86',extremes,Snow&Ice,#d60d2b,wmo,снег Омской области,2026-01-15T12:14:00+00:00,Russia,0.5437289608058377,1,1,ru,ESB,Europe
'cc2f9cc1b9',extremes,Snow&Ice,#d60d2b,wmo,снег в Латвии,2026-01-20T03:56:00+00:00,Latvia,0.543426599738599,1,1,ru,WCE,Europe
'9ec2d413cf',extremes,Snow&Ice,#d60d2b,wmo,морозная Астраханская область,2026-01-21T03:56:00+00:00,Russia,0.5430264051559358,1,1,ru,ESB,Europe
'5a5dd83274',extremes,Fog,#d60d2b,wmo,туман Волгоградской области,2026-01-24T03:48:00+00:00,Russia,0.5428378440085366,1,1,ru,ESB,Europe
'b6cef22543',extremes,Drought,#edc291,random,ограничение воды,2026-01-15T10:20:00+00:00,,0.2566996666578138,0,1,ru,,
'95b2881221',extremes,Precipitation,#d60d2b,random,атмосферная река,2026-01-15T10:20:00+00:00,,0.2565769511973332,0,1,ru,,
'633ed59c63',extremes,Iceberg,#d60d2b,random,арктический морской лед,2026-01-15T10:20:00+00:00,,0.256417319727148,0,1,ru,,
'0053afc92f',extremes,Volcano,#b83202,random,Лахар,2026-01-15T10:20:00+00:00,,0.2562914317228042,0,1,ru,,
'ccefefc59e',extremes,Drought,#edc291,random,внезапная засуха,2026-01-15T10:20:00+00:00,,0.2561951224549235,0,1,ru,,
'45480a05ce',extremes,Tropical Cyclone,#4f4f4f,random,тайфун,2026-01-15T10:20:00+00:00,,0.2560990530904549,0,1,ru,,
'f90601fa23',extremes,Volcano,#b83202,random,извержение вулкана,2026-01-15T10:20:00+00:00,,0.2556038068151502,0,1,ru,,
'f7a0f1c060',extremes,Cold Wave,#a7e9fa,random,самый холодный год,2026-01-15T10:20:00+00:00,,0.2493463952419774,1,1,ru,,
'1fefacbadb',extremes,Iceberg,#d60d2b,random,откалывание ледника,2026-01-15T10:20:00+00:00,,0.2163334904376689,1,1,ru,,
